# 3D point list with one line of data per point:
#   POINT3D_ID, X, Y, Z, R, G, B, ERROR, TRACK[] as (IMAGE_ID, POINT2D_IDX)
# Number of points: 1707, mean track length: 7.9765670767428238
1 3.1747964254720884 -2.5590387339504743 2.6064777738376042 80 66 54 0.73347236412855643 45 0 41 0 42 0 43 1 44 3 46 1 48 0 47 0 49 2 50 1 50 2
2 2.8159721323967633 -2.3985258475213089 2.4125951129126704 99 85 66 0.74218845986933013 45 23 41 2 44 10 46 18 40 3 39 2 38 3 37 4 36 1 35 2 34 69 33 68 32 64 31 70 30 83 29 76 28 68 27 66
4 2.9349465513178599 -2.3258109781433167 2.3334168664388573 126 104 84 0.15821990539012296 45 25 41 10 42 87 43 92 44 26 46 21 48 16 47 18 49 24 50 30 40 88 39 100 38 14 37 84 36 76 35 6 34 73 33 9
5 2.9349816870347154 -2.3258389760900502 2.3330017501953266 126 104 84 0.18260189506474162 45 26 41 11 42 86 43 93 44 27 46 22 48 17 47 19 49 23 50 29 40 89 39 101 38 15 37 83 36 75 35 5 34 72 33 8 32 68 31 74 30 89 29 6
7 3.2661233156744109 -2.3511898511550045 2.4605053720732815 77 59 44 0.20028475010593352 45 32 41 17 42 89 43 99 44 32 46 27 48 26 47 27 49 29 50 35 34 13
8 3.2651489315372517 -2.3516085243944986 2.463373260544707 77 59 44 0.16941029551914222 45 33 41 18 44 33 46 28 48 27 47 28 49 30 38 17 34 14
9 3.3497409901140891 -2.3480409910859628 2.4929707286523102 84 70 57 1.1173189795997958 45 38 41 19 47 30 49 41 50 36
10 3.3346066696539736 -2.3218488995946647 2.485747962068674 88 73 61 0.20938982218225638 45 49 41 20 42 26 43 28 44 43 46 44 48 40 47 43 49 132 50 37 40 18 39 24 38 20
11 3.193826696911116 -2.2592714234166289 2.3794378945009531 129 104 83 1.0879356017604143 45 48 41 22 42 22 44 41 46 43 48 38 47 40 49 37 40 22 39 29 38 24 37 22 36 18 35 20 34 19
12 3.1665978035719737 -2.05828184642824 2.3559619015422788 167 132 110 0.08713458581001407 45 57 41 28 42 29 43 32 44 47 46 51 48 56 47 59 49 56 50 51 40 26 39 42 38 30 37 25 36 24 35 24
13 3.1665978035719737 -2.05828184642824 2.3559619015422788 167 132 110 0.08713458581001407 45 56 41 29 42 30 43 31 44 48 46 50 48 55 47 58 49 57 50 52 40 25 39 41 38 29 37 26 36 25 35 23
14 3.2135841377562655 -2.0554133356868673 2.3776531591523793 118 89 66 0.20062580172161051 45 58 41 32 46 59 48 58 47 62 50 53
15 3.5525328386043382 -2.1395576031476797 2.6928634129464948 52 44 35 0.16358891010211293 45 134 41 33 43 110 44 116 48 204 47 176 49 196 50 207
16 3.4011608209603881 -1.9809445557623195 2.5117070069854748 98 79 65 0.15234721242355415 45 67 41 34 42 34 43 38 44 55 46 65 48 64 47 65 49 66 50 59 40 31 39 47 38 34 35 28
17 3.4977079688636756 -1.9858795478214579 2.6105380271610437 65 53 44 0.21169799683256341 45 69 41 37 42 37 43 39 46 67 48 65 47 137 49 144 50 137
18 3.4141391009008872 -1.8910072483536899 2.5400678287994984 97 77 63 0.14887347826586544 45 71 41 39 46 68 38 43
19 3.5118212463157605 -1.9053695225810681 2.6130509104372481 72 61 48 0.78511199114566632 45 73 41 41 42 38 42 41 43 42 44 57 46 145 48 151 47 71 49 146 50 143 40 35 39 55
20 3.328886951737223 -1.7645143441653035 2.5137485472655325 107 77 57 0.47890849177521189 45 201 41 44 42 43 44 125 46 147 48 155 47 180 49 205 50 215 39 118 38 88 36 38 35 41
21 3.3527676691657646 -1.7149002369531874 2.5444456502962405 145 104 79 0.18024454150473621 45 81 41 54 42 52 47 141 49 148 39 60 34 40
22 2.7535954856947216 -1.1927547247257388 2.4869748234358182 196 149 123 0.26770429581297156 45 92 41 58 42 63 46 92 40 56 36 56 35 55 31 45 30 57 28 111 27 47 26 84 25 41 24 89 22 107 21 72 20 103 19 96 18 61 17 70 16 76 15 74 14 35 13 34
23 3.6572409319189658 -1.2199396391861388 3.5217899611368857 72 49 24 0.5892951412890457 45 93 41 62 42 67 43 62 44 81 46 93 48 84 47 147 50 157 40 61 38 65
24 3.6104198922168957 -0.49738080145237773 2.9773551595406653 217 176 148 0.28386392523929294 45 101 41 66 50 89 40 66
25 3.3031585889386261 -2.6997677490622634 2.9779195408150847 151 116 88 0.15435353934015314 45 112 41 76 43 2 44 6 46 105 48 101 47 96 49 106 50 102
26 3.0434613788691283 -2.4775005581401439 2.4752728732003089 32 25 9 0.20151004238108997 45 11 41 80 42 79 43 7 44 12 40 84 39 97
27 3.1084752785083385 -2.3870694205151999 2.415497882722319 107 91 77 0.14390166742767327 45 121 41 82 42 82 43 97 44 103 46 121 48 117 47 118 40 86 39 98 38 79 37 82 35 66
28 3.493845079876746 -2.6896505256405221 3.1249367230498803 56 40 24 0.4378005906392195 45 183 41 83 42 124 46 195 48 242 47 166 49 236 50 246
29 2.8138729508416587 -2.3011718940506065 2.3316055938951119 112 84 60 0.18481283801253273 45 24 41 84 42 85 43 91 46 41 48 34 39 99
30 3.2222983366653994 -2.3619414999944395 2.4460773476304185 94 76 61 0.27187401204310646 45 122 41 86 42 88 43 98 44 105 46 124 48 118 47 119 49 120 50 113 40 93 38 83 37 15 36 82 35 72
31 3.2638618636190455 -2.3162021338124017 2.44644111992588 108 89 74 0.18984193660854023 45 130 41 88 43 100 48 129 47 127 49 130 50 124 38 18 37 88 36 83 35 74 34 17
32 3.2638618636190455 -2.3162021338124017 2.44644111992588 108 89 74 0.18984193660854023 45 131 41 89 43 101 48 130 47 128 49 131 50 125 38 19 37 89 36 84 35 73 34 16
33 3.3094374093500347 -2.3752801693357011 2.5026387911284789 68 53 39 0.29885911090731249 45 123 41 90 42 15 43 102 46 125 40 96 39 19 37 17 36 15
34 3.3266724410593724 -2.3830151177512064 2.5131676051747118 101 87 74 0.15095212712500305 45 124 41 91 42 90 43 103 44 107 46 126 48 119 47 121 49 122 50 115 40 16 39 22
35 3.1809230394013932 -2.0217468504282818 2.3678939627418516 129 95 73 0.24805531342842202 45 197 41 95 42 135 43 111 44 117 46 137 48 141 49 139 50 134 40 100 39 109 38 84 37 91 36 88 33 80 32 74 31 80 30 92 29 19 27 13
36 3.1822347866965828 -2.0231558447832336 2.3712729677541988 129 95 73 0.17224623756496424 45 196 41 96 42 134 40 101 39 110 38 85
37 3.3090319968878359 -2.0411673811251276 2.4492415287707776 90 71 54 0.36951925566175464 45 136 41 97 42 95 43 112 44 118 46 140 48 144 47 179 49 63 50 206 40 102 39 111 38 86 36 27 33 24
38 3.1925365194187987 -1.9314924769482253 2.3911797255123544 145 112 90 0.15323491432428646 45 141 41 100 42 96 43 113 44 119 46 141 48 146 47 135 49 142 50 136 40 105
39 3.4861253859871297 -1.8829642761973631 2.6107628650482759 76 60 46 0.25080793300954485 45 200 41 101 44 181 46 214 48 209 49 201 50 212 39 116 37 34 36 31
40 3.3350692834936981 -1.7309968594336236 2.5265246387932487 96 64 42 0.18923994351843326 45 149 41 103 42 97 43 119 44 132 46 151 48 156 47 183 49 206 50 146 40 108 39 58 38 89 37 40 36 95 35 43 30 44
41 2.6581343060887415 -1.6506226323679694 2.4639362712963426 157 110 86 0.31765673268301858 45 147 41 106 43 117 44 126 46 149 39 121 38 91 37 98 36 92 35 83 33 86 32 85 31 96 30 97 29 33 28 31 27 27 26 25 24 27 23 22 22 19
42 2.7713253436254299 -1.5982524377562168 2.3881333939661298 182 144 130 0.22751763226105215 45 84 41 107 43 54 40 48 38 95 37 102 36 50 34 102 32 95 31 101 29 91 26 32 23 27
43 2.819207289498264 -1.6189551495890848 2.3576673473980541 97 64 50 0.14491841809643682 45 150 41 108 42 99 43 118 44 128 46 154 48 75 47 144 49 75 50 72 40 160 39 161 38 133 37 104 36 104 35 131 34 137 33 90 32 91 31 102 30 101 29 94 28 41 27 82 26 31 25 28 24 36 23 26
44 2.8060337433035785 -1.5573503200609087 2.3745055313319656 225 173 140 0.18970174511512919 45 151 41 111 42 101 43 120 44 133 46 155 48 163 47 79 50 78 40 112 39 124 37 103 36 105 34 103 32 45 31 108 30 49 29 44 28 96 27 85 25 30 24 75 23 77 22 30 21 63 20 32 17 26
45 2.6095910833100762 -1.2963897272398557 2.4862446528333932 213 161 140 0.38204413968198464 45 89 41 115 42 62 44 76 46 88 47 81 49 85 39 73 32 48 27 46
46 3.6840134486710392 -1.2109258974864698 3.5406431814723991 124 97 64 0.42184014229035499 45 272 41 117 42 159 43 170 44 245 47 302 40 171 39 131 38 110 37 115 36 61 35 56
47 3.521510274705697 -1.1272603197644213 3.5910785112604224 44 27 6 0.41162516372950203 45 160 41 118 42 106 43 127 44 142 46 165 47 149 49 90 50 159
48 3.6743255365318794 -0.83769598818281021 3.667128531896839 123 93 65 0.52814166816678898 45 217 41 119 42 109 43 174 44 197 46 234 48 292 47 258 49 285 50 297 40 120 39 132 38 67
49 3.7161786338645406 0.68687720697810795 2.4416001941727785 180 119 79 0.3757768929274411 45 171 41 123 42 112 43 138 44 151 46 176 48 176 47 156 49 101 50 92 40 126 39 136 38 117 37 122 36 118 35 107 34 120 33 115 32 118 31 130 30 125 29 117 28 116 27 108 26 89 25 50 24 53 23 49 22 46 21 44 19 38
50 2.9216942266559411 -2.3880747281428287 2.3812413538690143 62 50 31 0.13430514993731565 45 184 41 128 42 122 43 143 44 160 46 118 48 113 49 119 50 112 40 138
51 3.0286705787906683 -2.2794858113565959 2.326303817929336 156 125 99 0.31812385102730339 45 129 41 133 42 125 43 96 44 110 48 128 47 168 49 128 50 123 40 91 39 146 38 82 37 86 36 80 35 70
52 2.8546373114630406 -2.2324986306483963 2.2831613539734628 156 119 94 0.16008516646170134 45 128 41 137 43 105 44 109 46 130 48 126 47 126 49 127 50 128 40 147 39 144 38 122 37 128 36 129 35 115 34 126 32 126
54 2.8177008032560198 -2.1493278747864748 2.2766118738192467 207 155 127 0.19740395032263533 45 192 41 140 42 130 43 148 44 173 46 205 48 133 47 129 49 135 50 130 40 148 39 148 38 124 37 129 36 131 35 116 34 78 33 76 32 70 31 76 30 90 29 79 28 72 27 67 26 57 25 57 24 6 23 5
55 3.4453500925864891 -2.2199174416521177 2.5616235285063631 73 63 53 0.15239162213769325 45 242 41 142 43 192 44 212 46 259 48 253 47 220 49 244 50 255
56 3.4862237454621461 -2.2579372263536581 2.6268114109034379 78 69 59 0.25490478386239263 45 243 41 143 42 132 43 191 44 213 46 258 40 151
57 3.2759946348189515 -2.1232991293565098 2.4127210882608683 117 93 76 0.17160836115712452 45 195 41 144 42 133 43 151 44 178 46 208 48 202 47 175 49 194 50 205 40 150 39 150 38 125 37 133 36 87 35 78 34 83 31 82
58 3.270434290929475 -1.9995061280938962 2.4256420601748037 122 97 77 0.21815378126713186 45 198 41 146 42 136 43 153 44 179 46 210 48 207 47 178 49 199 50 208 40 153 39 154 38 127 37 139 36 138 35 124 34 85
59 3.4131276699083295 -1.8442926757059541 2.5548745021383721 74 53 38 0.21732254131855971 45 199 41 148 42 140 43 154 44 180 46 213 48 210 47 181 49 203 50 268 40 156 39 156 37 143 36 141 35 127 34 89 33 83
60 3.4814754717210499 -1.8181738790145021 2.6551025711814411 117 93 77 0.19222811128766584 45 252 41 149 42 191 43 204 44 225 46 269 48 271 47 233 49 257 40 157
61 2.5765243555442852 -1.6505377561486916 2.4563834927043411 196 150 117 0.20340610586813196 45 255 41 152 42 193 43 160 43 207 44 227 46 216 47 182 40 199 39 233 38 212 37 181 36 226 35 213 34 192 33 194 32 207 31 209 30 204 29 157 28 155 27 149 26 125 25 125 24 126 23 139 21 83 20 89 19 84 18 47 17 15 16 21
62 2.6617577970362731 -1.6256342940667141 2.4776850910409136 228 185 155 0.13260678265901665 45 202 41 153 42 144 43 161 44 183 40 158 39 159 38 132 37 148 36 146 35 130 34 138 33 97 32 86 31 97 30 98 29 88 28 90 27 81 26 70 25 21 24 28 23 23 22 20 21 27
63 3.3958890279434439 -1.6875251949310368 2.5870574315291703 123 53 38 0.13602282453694825 45 257 41 154 42 196 43 209 44 231 46 272 48 328 47 291 49 326 50 347
64 3.3959749762422358 -1.6848743910658697 2.5900427510569921 123 53 38 0.80642949157581589 45 256 41 155 42 195 43 208 44 230 46 271 48 327 47 290 49 325 50 346 36 148 35 133 33 98 32 96 31 109
65 2.8075785901096011 -1.5791273948546505 2.3697918024552478 170 118 89 0.15189167213921972 45 204 41 158 42 147 43 163 44 185 46 219 48 214 47 187 49 209 50 216 40 162 39 160 38 134 37 149 36 147 35 132 34 139 33 136 32 138 31 147 30 144 29 135 28 128 27 125 26 100 25 97 24 104 23 115 22 91 21 89 20 92 19 88
66 3.3333721366671605 -1.6124348525159113 2.6000057650879049 192 138 106 0.14012764668266231 45 206 41 159 42 148 43 165 44 187 46 221 40 114 39 125 38 96 37 107 36 109 35 51 34 47 33 44
67 3.333118607497783 -1.6123263778360586 2.5985126060047103 192 138 106 0.15251525498015669 45 205 41 160 42 149 43 164 44 186 46 220 48 215 47 188 49 210 50 150 40 113 39 126 38 97 37 108 35 50 34 46 33 43
68 3.5598781085866795 -1.654625506588413 2.6458622557454601 78 62 48 1.484334937223768 45 152 41 163 48 278 46 278 47 239
69 2.7602926926827811 -1.1436756010957385 2.5322308236731299 226 165 145 0.25783882517207485 45 158 41 169 42 105 43 126 44 140 46 163 40 170 39 172 38 146 37 114 41 116 36 113 36 159 35 102 35 147 34 150 33 109 32 146 31 151 30 153 29 113 28 142 27 137 26 113 25 110 24 90 23 95 22 106 21 73 20 78 19 65 18 28 16 44
70 3.5927951993224982 -0.86339571186240993 3.6472454782384589 47 25 7 0.1556380380648312 45 216 41 175 42 163 43 173 44 194 44 195 46 233 47 198
71 2.8138811900896736 -0.44355804418741646 3.2077273545369374 217 167 127 0.73443659815926965 45 96 41 178 42 164 43 131 40 174 39 209 38 191 37 199 36 241 35 227 34 208 33 236 32 232 31 238 30 237 29 222 28 225 27 235 26 215 25 216 24 207 23 219 22 201 21 211 20 197 19 185 18 183 17 186 16 213 15 209 14 219 13 210 12 227 10 224 9 219 8 246 7 255 6 247 5 231 4 230 3 192 2 188 1 157
73 3.5582059190736155 1.2264405545930666 2.5915582174103791 101 95 87 0.23104258888340801 45 230 41 186 42 170 43 180 44 204 46 240 48 237 47 204 49 229 50 241 40 135 39 138 38 118 37 123 36 120 35 111 33 60
74 3.1893755715834211 -2.1619883010532353 2.3736065457504876 118 89 65 0.16835119739088208 45 241 41 191 42 180 43 190 44 211 46 257 48 252 50 256 40 149 40 185 39 149 38 163 37 132 36 134 35 119 34 130
75 3.0901841514239234 -2.048903666726666 2.3257199418419385 193 155 130 0.21151336899475418 45 244 41 192 42 181 43 194 44 214 46 260 48 259 47 222 49 247 50 257 40 187 39 187 38 164 37 172 36 176 35 161 34 132 35 122 33 128 32 128 31 138 30 135 29 127 28 17 26 60
76 3.3616591475412188 -2.074670294629974 2.4855059351831064 55 41 26 0.32236195667917489 45 249 41 193 42 182 43 195 44 215 46 261 48 261 47 223 49 248 50 260 40 188 39 153 39 188 38 165 37 138 36 137 34 133
77 3.2922212641354234 -1.989418487667973 2.440484550904594 97 72 52 0.22235419068526394 45 248 41 195 42 184 43 198 44 217 46 263 48 264 47 228 49 250 50 263 40 189 39 190 38 129 38 166 37 141 36 140 35 125 34 134 33 129 32 130 31 86
78 3.3197334344099434 -1.9784222390007966 2.4576985397806741 117 92 74 0.23010497552683859 45 314 41 197 42 185 43 199 44 283 46 319 48 318 47 284 49 318 50 338 40 190 39 191 38 167 37 173 36 177 35 163 34 160 33 131 32 131 31 141
79 3.3775825939570598 -1.8472318524531435 2.5282469715359581 109 85 67 0.12012179760878675 45 316 41 200 42 244 43 267 44 285 46 322 48 322 47 286 49 322 50 342 40 194 39 194 38 168 37 174 36 180 35 166 34 164
80 3.3778202020123773 -1.8471565671380699 2.5278994125701275 109 85 67 0.12108623378610231 45 317 41 201 42 245 43 268 44 286 46 323 40 195 39 195 38 169 37 175 36 179 35 165 34 163 32 133 31 142 30 139
81 3.3771157687792082 -1.8121718549171055 2.5341676468178602 85 61 44 0.15908022302967423 45 251 41 202 42 190 43 203 44 224 46 265 48 270 47 229 49 254 50 269 40 196 39 196 38 170 37 176 36 181 34 136 33 134 32 134 31 143 30 95
82 3.4155693371704801 -1.8819204123690123 2.5495066158385873 92 71 57 0.11797039638639918 45 250 41 203 42 187 43 202 44 221 46 324 48 320 47 287 49 320 50 340 40 193 39 193 38 171
83 3.5048272417845281 -1.8376354984336807 2.6850093978868284 108 87 72 0.46674413101678502 45 253 41 204 42 192 43 205 44 226 46 268 48 272 47 232 49 258 50 272 40 198 39 199 38 174 37 146 36 143 35 128 34 95 32 41
84 2.7888460956961003 -1.6115440201744815 2.377364910899527 182 150 142 0.21654142251289016 45 203 41 207 42 194 43 212 46 218 46 276 48 158 47 142 49 151 50 73 40 200 39 200 38 176 37 182 36 184 35 169 34 170 33 160 32 166 31 174 30 172 29 159 28 157 27 152 26 131 25 129 24 131 23 142 22 121 21 123 20 116 19 111 18 101 17 90 16 96 15 94 14 71 13 71 12 70
85 3.4129584682096756 -1.4527686389945778 2.6414658546159724 185 118 92 0.095181609213441584 45 262 41 213 42 200 43 216 44 235 46 281 48 282 47 241 49 268 50 286 39 164 38 142 37 153
86 3.4129879502942106 -1.4529125707518546 2.642302036801738 185 118 92 0.092624413552717971 45 263 41 214 42 201 43 217 44 236 46 282 47 242 39 165 38 143 37 154
87 2.5746441490164238 -1.3257080699266768 2.478881298366908 89 48 37 0.42001092605857521 45 265 41 216 42 204 43 218 44 238 46 283 48 283 47 243 49 215 50 222 40 206 39 203 38 183 37 191 36 234 35 221 34 202 33 201 32 213 31 214 30 211 29 196 28 188 27 195 26 140 25 137 24 140 23 125 22 105 21 69 20 38 19 34
88 2.5745927716947294 -1.32637614041732 2.4800211859661334 89 48 37 0.28886691430147571 45 266 41 217 42 205 43 219 44 239 46 284 48 284 47 244 49 216 50 223 40 207 39 204 38 184 37 192 36 235 35 222 34 203 29 197 27 196 26 141 25 138 24 141 23 126
90 3.2999453408381849 -1.3233451215679222 2.7055928539543666 135 101 74 0.8382535690943731 45 327 41 219 44 241 48 335 47 298
91 3.4102895975687253 -1.4013806136925637 2.8394142937241749 149 113 87 1.4658859276337206 45 324 41 220 42 206 43 280 44 296 48 332 38 63
92 2.757275389048202 -1.1634488191699184 2.5151978850015602 138 70 55 0.22981824585374269 45 270 41 223 42 211 43 224 44 191 46 227 48 225 40 210 39 205 38 187 37 194 35 182 34 175 33 172 32 175 31 183 30 180 29 173 27 164 26 146 25 145 24 145 22 108 21 134
93 2.7576648415332956 -1.1634392429141076 2.5101980133598447 138 70 55 0.085456953557484241 45 271 41 224 42 212 43 225 44 192 46 228 48 224 50 156
94 3.6868396790559386 -1.0249799088549674 3.5841600799291156 122 93 65 0.3699868487852257 41 227 43 232 44 250 46 334 48 339 47 303 49 338 50 355
95 3.770496833792278 -0.29021102238539193 2.743276076600377 21 20 16 0.41310793449449429 45 285 41 231 42 168 48 175 45 219 49 161 50 164 40 177 39 177 39 210 38 192 37 161 35 153
96 3.2928662788089711 1.4594815779786674 2.5579571566592598 20 15 17 0.43565688540012415 45 341 41 241 42 275 43 299 44 318 46 309 48 304 47 273 49 298 50 314 40 258 39 255 38 225 37 241 36 250 35 238 34 221 33 220 31 201
97 3.3984100507115507 -2.7962562609578279 3.0609504593965262 168 134 100 0.34776999966214261 45 343 41 244 43 302 44 319 46 347 48 359 47 320 49 348 50 367 40 231 39 221
98 3.5637611376365408 -2.6788983905018542 3.210878263940256 90 71 48 0.52427350399071537 45 345 41 246 42 277 43 305 44 323 46 391 44 354 48 397 47 349 50 439 40 233 39 223 38 162
99 2.8183655665124512 -2.2278653493016392 2.2914051297887919 165 124 100 0.13722314917932865 45 308 41 247 42 240 43 260 44 281 46 315 48 315 47 279 49 312 50 330 40 234 39 225 38 205 37 219 36 220 35 205
100 3.1333914589143443 -2.0548469196268329 2.3436207582970283 128 92 68 0.087635241585730023 45 311 41 249 42 241 43 263 44 328 46 356 48 367 47 281 49 316 50 371 40 235 39 227 38 206 37 220 36 221 35 162 34 159 33 155 32 159 31 139 30 136 29 128 28 74 27 69 26 7
101 3.2045310080955929 -2.0040782837430133 2.3814214109854963 151 120 99 0.1394679781569905 45 312 41 250 42 242 43 264 44 282 46 318 48 317 47 282 49 317 50 337 40 237 39 228 37 221
102 3.4791562996994108 -1.8493953767692295 2.6282211802298683 64 50 37 0.16251857239350964 45 318 41 252 42 246 43 269 44 287 46 371 47 332 49 358 50 383 40 197 39 197 38 172
103 3.3228849937377727 -1.7973875656082177 2.5038998629336962 142 112 92 0.24608111906731434 45 358 41 254 42 248 43 270 44 288 46 370 48 375 47 331 49 357 50 382 40 239 39 231 38 208 37 225 36 224 35 211 34 165 33 158 32 164 30 138 29 131 28 83 27 35
104 2.6162207655727627 -1.6802016486348033 2.4318230579473976 174 124 94 0.29392684126393409 45 359 41 256 42 251 43 272 44 290 40 240 39 232 38 210 36 227 35 212
105 3.4545014218739674 -1.7133816311321983 2.5809655695232752 165 88 60 0.27431672707068594 45 258 41 257 42 252 44 228 46 273 48 273 47 235 49 260 50 274 40 202 39 235 38 177 37 227 36 229 35 170 34 194 33 196 32 210
106 3.4538925594683891 -1.7141888916059811 2.5841695330016892 165 88 60 0.1483336247000861 45 259 41 258 42 253 44 229 46 274 48 274 47 236 49 261 50 275 40 203 39 236 38 178 37 228 36 230 35 171
107 3.3885595701005604 -1.6229852919023684 2.6198966579270375 119 42 19 0.69909548946988753 45 319 41 259 42 256 43 275 44 292 48 329 49 264 50 281 40 242 39 238 38 214 37 230 36 231 35 217 34 195 33 198 32 211 31 211 30 209 29 195 28 186 27 193 26 135 25 132 24 133
108 2.6392014501601699 -1.3340330443277391 2.4859812788242448 176 115 96 0.31467678377246028 45 322 41 263 42 260 43 279 44 295 46 329 48 331 47 245 49 269 50 285 40 246 39 242 38 218 37 234 36 193 35 179 34 173 33 170 32 174 31 180 30 150 31 150 29 138 28 135
109 2.558251877929103 -1.0839730747480962 2.6646596321400891 162 86 75 0.36872351921931962 45 274 41 266 42 262 43 284 44 305 46 292 40 278
110 3.6612393724259897 -1.0483869167152755 3.5665693067984119 112 86 58 0.35133305099770196 45 368 41 267 42 299 43 325 44 347 46 381 40 253 39 248 38 222 37 197 36 197 35 150
111 2.7209282389866569 -0.90113488523190133 2.5987997197691994 229 177 153 0.27539935853059411 45 332 41 268 42 263 43 287 44 306 46 337 48 228 47 252 50 160
112 3.6010400236391069 -0.80844326134750399 3.6656745231775476 82 58 35 0.30006278674127052 45 333 41 270 42 265 43 289 44 309 46 295 47 256
113 2.5941467971533925 -0.50449867212000754 3.6420538002418246 9 6 4 1.4312484666952057 41 272 39 280 38 242 34 254 33 249
114 3.5059549063503441 0.45262144054295345 2.4424240712785705 28 20 18 0.39148870241489114 45 335 41 273 42 268 43 290 44 311 46 340 48 347 47 311 49 345 50 360 40 255 39 249 38 224 36 244 35 229 34 211 33 206 32 219
115 3.6311915118298259 0.49335253721722971 2.4529714633859498 188 144 100 0.27392621178130327 45 336 41 274 42 270 43 291 44 312 46 341 48 351 47 312 49 294 40 280 39 283 38 244 37 240 36 245 35 230 34 212 33 207 32 220 31 221 30 216 29 201 28 168 26 153 25 113 21 42 20 50
116 3.319614026142395 -2.7546278469469163 3.0197818927357067 154 126 88 0.34395739356886207 45 344 41 280 42 276 43 303 44 320 46 348 48 358 47 321 49 347 40 230 39 258
117 3.1821301980278029 -2.4248804432563911 2.4721879038608212 112 94 78 0.493579819005184 45 375 41 281 42 308 43 331 44 353 46 390 48 398 47 348 49 408 50 440 40 259 39 259 38 226 37 218 36 219
118 2.9029157368328797 -2.2858980855095528 2.3109039471875805 118 91 67 0.12748645246729728 45 347 41 282 42 278 43 306 44 324 46 351 48 362 47 323 49 351 50 328 40 260
119 2.8572656339639542 -2.199217761002656 2.2710532082511485 211 164 139 0.64132097465285764 45 309 41 283 42 280 43 261 46 316 48 316 47 280 49 313 50 331 40 261 39 262 38 229 37 244 36 251 35 241 34 223 33 223 32 224 31 227 30 221 29 204 28 191 27 202 26 169 25 168 24 124 22 85 21 52
120 3.4100875154505808 -2.2242436924965059 2.5238501825328195 49 38 27 0.13529893179006403 45 377 41 285 42 281 43 310 44 325 46 393 48 402 47 350 49 377 50 406 40 263 39 265
121 3.2073263631172213 -1.9647021749713265 2.4017733255881537 125 94 71 0.26960815083505635 45 350 41 288 42 284 43 313 44 333 46 360 48 369 47 328 49 354 50 374 40 265 39 267 38 231 37 223 36 252 35 243 34 225 33 224
122 3.2309777526322794 -2.0328034453146051 2.399257658009156 136 108 86 0.69258686831743466 45 349 41 289 42 283 43 312 44 331 46 359 48 368 47 327 49 353 50 372 40 264 39 266 38 230 37 246 36 222 35 207 34 190 33 192 32 206 31 170 30 166 29 154 28 125 27 117
123 3.2125655491629614 -1.9138891796890631 2.4113179381636431 179 142 118 0.13445426546719016 45 351 41 291 42 285 43 315 44 334 46 362 48 373 47 329 49 355 50 377 40 266 39 268 38 232 37 247 36 254 35 245 34 227
124 3.2793707874462115 -1.9450629767362051 2.4441927191433068 131 102 81 0.35264725775560352 45 352 41 292 43 314 44 335 46 363 48 371 50 375
125 2.7412790946846401 -1.7651788953432437 2.2954741699069388 132 93 70 0.086193542687543603 45 356 41 293 42 286 43 319 44 337 46 368
126 2.8055834614161594 -1.7658846640509593 2.2739875605338513 141 107 79 0.30469156158185656 45 357 41 294 42 287 43 316 44 338 46 369 48 374 47 330 49 356 50 379 40 267 39 270 38 234 37 251 36 257 35 247 34 226 33 225 32 225 31 228 30 225 29 207 27 204
127 3.3372141650218032 -1.8521094384990391 2.4924857280944521 95 69 50 0.26988599371866934 45 354 41 295 42 288 43 317 46 365 50 380
128 3.3372141650218032 -1.8521094384990391 2.4924857280944521 95 69 50 0.26988599371866934 45 355 41 296 42 289 43 318 46 366 50 381
129 3.3441680560904743 -1.5151995390398829 2.6670158705654039 149 78 59 2.2018497363517717 45 405 41 301 43 341 46 420 48 432 47 386 49 415 40 271 39 240 38 216 37 232 36 187 35 172 34 106 50 446 33 45
130 3.4039721668848313 -1.5439992492427272 2.6686740814300114 231 183 152 0.3339781602999698 45 362 41 302 42 291 43 321 44 341 46 375 47 292 40 272 39 272 38 237 37 257 36 232 35 219
131 2.5628375807184076 -1.4034289903202184 2.4264292744706668 211 155 133 0.23880244126835726 45 363 41 304 43 322 44 343 46 377 48 382 47 337 49 363 50 387 40 275 38 236 37 256 36 260 35 251 34 234 33 233 31 234 30 232 29 216 28 201 27 211 26 194 25 175 24 173 23 145 22 124
132 3.3568542648532702 -1.3452786305408089 2.7633972142130632 152 114 92 1.2679970618381458 45 388 41 306 42 295 46 403 48 416 47 364 49 393 50 420 40 247 39 245
134 3.3872326473391157 -2.7141861293428988 3.0220555935591733 202 160 116 0.59256492695624385 45 374 41 316 42 307 43 330 44 352 46 388 48 396 49 407 39 260 40 290 38 227 37 216 36 171
135 3.3776658530021484 -1.7675594185983126 2.5537025010813212 80 54 34 0.42756832919280097 45 381 41 319 43 335 44 360 40 292 39 293 38 255 37 277 36 270 35 262 34 231 33 229
136 2.6416328925306565 -1.6327229211213679 2.4825876801640301 220 181 153 1.082115762557508 45 382 41 320 42 310 43 338 44 362 46 398 48 326 47 334 47 356 49 324 50 276 40 293 39 295 38 257 37 279 36 271 35 263 34 247 33 243 32 239 31 245 30 247 29 210 28 193 27 205 26 191 25 191 23 176 22 157
137 3.4352514826360414 -1.6563763022748812 2.6072492091812332 242 198 172 0.36842657961976821 45 385 41 321 42 311 43 339 44 363 46 401 48 411 47 359 49 385 50 413 40 294 39 296 38 258 37 280 36 272 34 248 33 230 32 227 31 231 30 229 29 214 28 197 27 208 26 192 25 192 24 174
138 3.3032802669237626 -1.5462687251779674 2.5839757015824327 238 198 164 0.18987192627181826 45 404 41 322 42 312 43 340 44 385 46 419 48 431 47 385 49 414 50 445 40 295 39 297 38 259 37 281
139 2.6765245789494263 -1.29808982275773 2.4715362353231844 239 193 166 0.26244023318202792 45 387 41 323 42 313 43 342 44 367 48 384 47 363 49 367 50 391 40 297 39 299 37 285 36 276
140 2.5246368708596814 -1.174335840599493 2.6985398618128191 156 64 60 1.2359741548249117 45 409 41 324 42 333 43 343 44 369 46 404 47 365 40 318 39 300 38 277 37 299 36 298
142 2.6576760881472934 -1.746438443237637 2.3081263607503537 120 86 66 0.52400983428933701 45 402 41 338 42 328 43 358 44 384 46 418 47 384 40 316 39 310 38 254 37 297 36 269 35 261 34 246 33 242 32 237 31 243 30 245 29 228 28 213 27 223 26 202 25 206 24 196 23 210 22 185 21 198 20 182 19 176 18 173
143 3.2834987632333688 -1.3094030868890649 2.6615271987348743 144 107 79 2.1217488316235196 45 427 41 339 42 332 43 362 44 405 46 435 48 456 47 407 44 422 40 317 38 261 37 259 38 239 36 261 35 224 34 204
144 3.6916237448256428 -0.91587676520985573 3.6717417823893159 48 29 12 0.82666460625943117 45 411 41 342 42 334 43 366 44 389 46 423 48 437 47 390 49 420 50 450
145 3.5800560360435245 1.1468823628300049 2.5847247620964819 16 11 7 0.86211344822509683 45 415 41 345 42 342 43 369 44 394 46 426 48 441 49 403 50 432 40 321 39 318 37 271 36 292 35 258 34 263 33 240 27 213
146 3.2333591793499679 -2.1408171341374396 2.3540168448306358 103 80 59 1.2748888023353502 45 422 41 349 42 350 43 372 44 399 46 428 48 446 47 401 50 458 40 327 39 326 38 284
147 2.7468645179423441 -1.643428279265154 2.4303512783462691 47 33 23 0.66917103443865034 45 444 41 360 42 361 43 385 44 419 46 454 48 447 49 441 50 463 40 338 39 335 38 298 36 327 35 309 34 302
148 3.2974805904335072 -0.70164160796256991 2.9183945269061486 207 163 121 0.49873244818516371 45 449 41 365 42 365 43 389 44 425 46 457 48 473 47 424 49 465 50 492 40 342 39 342 38 289
151 2.7045084990567916 -2.2067735846271859 2.3734060175285339 237 188 160 0.86725888579155053 41 374 42 360 43 384 44 417 40 347 39 350 38 309 37 329 36 325 35 303 34 301 33 294
152 3.0775328499126049 -1.4395401044562717 2.396724130411958 191 144 114 1.1655616099397581 45 461 41 377 42 376 43 396 44 432 46 468 48 480 47 435 49 469 50 503 40 349 39 351 38 311 37 333 36 329 35 307 34 303
153 2.4633079589739988 -0.41471069043150521 3.7711215600241239 7 7 5 1.7560092574148805 45 450 41 380 42 379 43 390 44 426 46 458 40 352
154 3.6562522144464977 1.3624924005766763 2.5344163987942174 211 164 131 1.393253480309228 45 465 41 381 43 404 44 440 47 440 40 354 28 269 27 276
155 3.0805386695991723 -0.83829730670245595 3.0028759385169996 234 195 155 2.0668890822550425 45 472 41 384 42 384 43 408 44 446 46 476 40 360
156 2.8191518257625994 -2.3539596396759022 2.375217592015006 87 71 52 1.0141101131473698 45 467 41 389 44 451 46 471 48 489 47 443 49 476 50 510 39 363 38 320
157 2.617580131654111 -0.69980753793447825 3.2876565277021581 255 255 255 1.679382316265863 45 473 41 390 42 391 44 447 46 477 48 491 47 445 49 479 40 365
158 2.8357830280092635 -0.26172265799912947 3.2145030690155507 241 192 150 1.5533166557535083 45 479 41 391 42 392 43 416 44 455 46 484 48 500 47 455 49 490
159 2.9271806118895287 -2.0210683778623357 2.4045788707563314 229 193 164 1.6821094761184499 45 485 41 395 42 398 43 422 44 462 46 489 48 506 47 461 49 495 40 373 39 369 38 327 37 349 36 349 35 320 34 319 33 305 34 315 32 296
160 4.1759950544382125 0.55457872602023162 2.4954880142588629 88 81 60 1.7795218848044259 41 397 42 400 43 424 44 464 46 493 40 372 39 368
161 2.4257606516249264 -0.031494100609324747 3.4738719069880202 9 8 6 1.2042025297979366 45 486 41 398 44 463
162 3.7356359343293528 0.26509799928210054 2.5340120660960728 238 197 153 2.1067486143758125 45 488 42 402 43 426 44 465 46 494 48 510 47 466 40 377 41 399
163 3.3688879099945295 -2.2781373103997273 2.8116476044878951 68 53 38 1.5988704236517932 41 400 42 404 43 428 44 468 40 378 39 375
165 3.0199924725329752 -2.4892619122007837 2.497140102863781 76 68 48 0.55483149401304632 45 10 42 5 46 5 39 7 37 81
166 3.0599833234394267 -2.4955024341364198 2.4857343295860224 68 53 37 0.25096261081416427 41 74 42 6 43 9 44 13
167 3.3284440444657886 -2.451818589408036 2.5599977622166232 60 46 33 0.39941574005477942 45 17 42 7 43 12 46 10 47 10 49 14 50 21
168 3.0979032268815145 -2.317279177354354 2.3711240799047744 133 108 87 0.17467314421815816 41 85 45 27 42 12 43 20 44 104 46 24 48 36 47 22 49 36 50 32 40 92 39 17 38 81 37 14 36 79 35 17 34 11 33 19
169 3.2885818175955417 -2.3675667536423108 2.4908612385359574 95 77 63 0.35799412766136068 45 34 42 16 44 34 46 32 48 24 39 21
170 3.2885818175955417 -2.3675667536423108 2.4908612385359574 95 77 63 0.35799412766136068 45 35 42 17 44 35 46 33 48 25 39 20
171 3.3373860907909347 -2.4356298707932793 2.556816723730738 101 88 75 0.22000048498872152 45 36 42 19 43 25 44 37 46 34 48 28 49 32 50 22 40 10
172 3.5588493616791532 -2.5795844952150317 3.2061458608557083 93 72 51 0.2002277785044157 45 42 42 20 46 40 48 33 49 35
173 3.1914893478841151 -2.2582953439007065 2.3906464523581046 128 103 82 0.23645207195053511 41 23 42 23 47 41 40 23 39 28 38 25 37 21 36 19
174 3.317549774286717 -2.1788183716301011 2.4425106385330828 91 73 57 0.20528637008041115 45 52 42 27 43 29 44 45 46 49 49 51 50 45 39 39
175 3.4052134479724581 -2.1179473136695028 2.5189913434040281 74 61 49 0.21983713253973888 45 61 42 31 44 52 46 54 48 51 47 56 49 55 40 29 39 43 38 32
176 3.4058788653459802 -1.9012115704721162 2.5253806342672513 57 40 25 0.30556603292108808 41 35 42 35 44 123 40 32 39 50 38 40 36 29 35 30
177 3.4069865773994108 -1.903049657726734 2.5307863475403081 57 40 25 0.26582403357694018 41 36 42 36 40 33 39 51 38 41 36 30 35 31
180 2.4466497408106926 -1.6506832086234866 2.6586923047933388 174 141 132 0.39988948986751516 41 104 42 46 40 40 39 120 37 147 36 145 35 168 34 168 33 161 32 169 31 173 30 170 29 191 28 184 27 148 26 174 25 170 24 169 23 175 22 156 21 158 20 149 19 139 18 97 17 116 16 122 15 122 14 135 13 131 12 134 11 126 10 100 9 106 7 117 6 85 5 82
181 2.6916761676576755 -1.6401958732735709 2.4622169876304629 112 65 45 0.17811457722592469 41 49 42 48 43 44 40 44 39 62 38 92 37 99 36 102 35 94 34 35 33 88 32 35 31 99 30 99 29 36 28 34 27 29 26 27 25 23 24 30 22 22 20 21 19 23
182 2.6835894630446058 -1.6239665471760139 2.462175508268083 137 90 65 0.58856917954942756 45 82 42 49 40 109 33 135 32 136 31 144 28 127 27 190 33 164 26 99 26 128 24 129 23 113 22 89 21 87 21 122 19 109 18 131 17 118 16 125 15 126
183 2.8033865591736218 -1.6656535386776852 2.3364181523848204 184 136 109 0.42767355929791667 41 50 42 50 43 46 44 66 40 38 38 48 37 39 36 36 35 40 34 37 32 39 31 33 28 26 26 19 25 16 24 23 23 15 22 13 21 20 14 18
184 2.755433196980841 -1.6044223559751511 2.3961420145149028 78 53 37 0.65272687272158991 41 52 42 55 40 110 38 55 37 52 36 48 34 100 33 41 32 37 32 89 31 32 30 41 29 89 28 38 27 32 26 71 24 73 23 76 22 68 20 24
185 2.7326121310041871 -1.5915610957433877 2.4175240737757315 187 141 117 0.26120613632188305 41 110 42 56 43 53 44 70 40 46 39 66 38 94 36 103 34 101 31 107 28 91 19 28 16 26 14 24 13 27
186 2.7475481327471902 -1.573352216086672 2.4054657786664917 162 114 88 0.15662916494318141 41 55 42 57 44 71 39 70 37 53 36 49 34 45 33 42 32 44 31 38 30 48 29 43 28 44 27 37 26 29 25 27 24 34 23 28 22 27 16 37
187 3.4215065944225569 -1.6107460557388289 2.6362312006996045 164 94 68 0.30292203030667947 41 56 42 58 39 127 38 138 36 151 35 137
188 3.4137513426081569 -1.6005733232478594 2.6717375722399521 236 181 162 0.11753751390388575 41 112 42 59 43 55 40 116 39 129
189 2.5601772735200203 -1.1595205605994459 2.5497624492666517 165 72 71 0.2439876158059488 41 60 42 64 40 57 39 77 38 106 37 61 36 112 35 101 34 110 33 107 32 109 31 125 30 119 29 107 28 110 27 101 26 83 25 81 24 87 23 94 22 78 21 71 20 77 19 62 18 60 17 69 16 75 15 73 14 34
190 2.6591176810643895 -1.1368586360625696 2.5358096970416866 205 106 103 0.15794376605626331 41 61 42 66 44 80 40 58 39 78 38 64 37 64 36 60 35 54 34 53 33 48 32 50 31 46 30 60 29 55 27 50 24 47
191 2.6356630627032471 -0.53999717210627085 3.6336758045613125 17 11 7 1.3940967812032043 41 120 42 70 40 121 39 174 38 149 37 118 38 68
192 3.7047039574219891 0.67454450718076253 2.4441963394783497 214 167 126 0.4389605995687097 41 69 42 73 46 102 48 96 47 90 40 70 39 86 38 72 37 72 35 60 34 63 32 59 31 60 30 70
194 3.0437033298459442 -2.474703010787902 2.4694598791962528 31 24 9 0.096335047424960241 41 79 42 80 43 8 40 83 39 96
195 3.0446478063949107 -2.4349946630700146 2.4369532463868158 78 70 55 0.24669835390487774 41 81 42 81 43 87 40 139 39 142 38 78
196 3.0652274557591839 -2.1563598587098247 2.3161866446485813 197 158 132 0.17350709197598027 41 94 42 91 48 134 38 28
197 3.2668456386908948 -2.0608491876924449 2.4111393050662495 90 65 44 0.14519725683227236 45 133 42 94 43 33 44 49 46 139 48 142 47 132 49 140 50 135 40 28 38 31 37 27 36 89 35 26 32 22
198 2.5037755270066673 -1.6172378416462665 2.4820874354904601 131 85 68 0.59192513748024111 41 151 42 98 38 51
199 3.4198558087915991 -1.5451967469396053 2.6709255147740909 250 199 173 0.12144649696957092 41 114 42 102 40 117
200 2.4506641351399292 -1.3120777359649887 2.42480914105538 179 127 110 0.18800658640997314 41 164 42 103 43 123 40 163
201 3.5853607073698366 -1.084257403957128 3.5673297366007928 74 51 31 0.24699731698860547 45 95 42 108 43 63 44 83 46 98 47 83 40 63 38 66
204 3.4421121065734401 -2.7631512782961822 3.081851598364405 174 140 106 0.37870135893486312 41 78 45 233 42 120 43 142 44 159 46 245 48 241 47 213 49 233 50 321 40 82 39 1
205 3.4496537252347306 -2.6398943751547161 3.0393538427184108 97 75 51 0.24701505567041854 45 235 42 123 43 144 44 164 46 250
206 3.5140133851363315 -2.6357786381086532 3.1762436947220287 136 110 87 0.1773978984526024 41 134 45 237 42 126 43 187 44 208 46 251 48 313 47 218 49 241 50 249 40 146
208 2.3748201707050391 -1.8390415011262284 2.5704180757583295 232 189 167 1.5866299194903906 41 198 42 139 40 191 39 230 37 249 36 256 35 260 36 268 34 245 33 241 32 236 30 259
209 2.7047330684567532 -1.5820011661823408 2.4760925569096721 184 134 107 0.40855506036842737 41 157 42 146 43 162 44 184 48 213
210 2.4822005943860193 -1.31166150049615 2.4205994648727338 214 159 145 0.58442444096058632 41 165 42 152 43 124 40 164 39 167 38 141 37 152 36 155 35 141 34 145 33 143 32 143 31 149 30 145 29 137 28 103 27 91 26 77 25 74 24 42 23 35
211 2.5979362840664302 -1.1840835516210353 2.5214075892106762 188 94 87 0.34123300949343655 41 166 42 153 39 168 37 156 36 158 31 181 29 171 27 163 25 144 21 99 20 127 18 109 17 123 16 134 15 135 14 144 13 138 12 148 11 102 10 115 9 115 7 133
212 3.6741620697579576 -1.3248740252891025 3.525072224717106 54 41 27 0.30851617783049173 41 168 42 154 43 168 44 188 46 224 48 221 47 194 49 219 50 227 40 168 39 171
213 3.6747157851098535 -1.3240253684165113 3.5244174104651922 54 41 27 0.31626502707579701 41 167 42 155 43 169 46 225 48 222 47 193 49 218 50 228 40 169 39 170 38 107
214 2.7330920791885052 -1.1800898072135899 2.5082443713575366 198 146 124 0.22921932586751156 45 156 42 158 44 190 46 161 48 82 49 87 50 84 40 167 39 169 38 145 37 157 35 146 34 149 33 145
215 3.7688683016244089 -0.32372004297878565 2.744103543925422 51 50 51 0.28498730149269497 41 121 42 166 43 135 46 173 40 176
216 3.3520807530642949 1.542352720026227 2.5894526370850457 56 54 55 0.40113053046074265 45 231 42 175 43 248 44 271 46 242 47 206 49 230 49 299 50 242 37 167 28 66 26 52
217 3.4612043484754311 -2.5515937513068416 2.9868528814526605 103 85 66 0.85939655539638049 41 92 42 179 43 256 44 278 45 346 46 349 48 399 47 322 49 373 50 402
218 3.3406393708730802 -2.0484543915237872 2.4695571332687645 64 47 32 0.24189839937439123 41 196 42 186 43 197 44 218 46 262 48 260 47 224 49 249 50 259 40 154 39 155 38 126 37 137 36 136 34 86 31 22
220 3.4411892852244099 -1.3917680338388265 2.9124708743719445 139 115 86 0.18351347019086536 45 325 42 207 43 221 44 297 46 379 48 414 47 340 49 389 50 418
221 2.6166694435845725 -1.1260224185975847 2.5544077478195715 218 116 113 0.51380923057537542 41 222 45 269 42 209 43 223 44 243 46 290 48 223 47 196 47 246 49 220 50 231 40 209 38 188 36 196 35 186 33 171 27 165 25 146 21 133 20 128 18 110 17 124 16 136 15 138 13 111
222 2.7869592279509021 -1.1825465036598564 2.4784048338783538 229 185 157 0.25620191705146766 41 221 45 211 42 210 43 226 44 244 46 226 50 155 40 248 39 246 38 220 37 236 36 237 35 225 34 205 33 203 32 215 31 216 30 212 29 199 28 189
224 3.5006805119469555 -1.1479084001927913 3.5967444282151537 72 59 35 0.24884234265153315 41 173 42 215 43 228 45 212 44 247 46 230 48 227 47 197 49 157 50 158
225 3.6528106840062136 -0.67288883108908937 3.6975213498768245 99 75 46 0.30547006741031213 41 177 42 220 43 236 44 310 45 282 46 339 48 345 47 260 49 341 50 358
226 3.5644871663251512 1.5936673199392459 2.6280640299489297 42 36 27 1.109257801101984 45 342 42 231 47 159 45 178 40 287 35 239 33 189 31 242 30 195 28 208 27 201 26 241 25 203 25 236 24 210 23 226
227 2.9984190310660033 -2.8022720990994419 3.1564300161842134 255 255 255 1.9083612163656276 41 243 44 275 37 214
228 3.3141864565258752 -2.4325994980817196 2.529245166067132 81 66 51 0.30163451168874206 41 245 45 304 42 237 43 255 44 277 46 313 48 314 47 276 49 309 50 327
229 3.4822173763383608 -2.6250035948358468 3.1026245398763028 42 32 22 0.80924518118478783 41 188 42 238 43 257 44 322 40 145 39 105
230 3.5263908447314307 -2.5839771644133847 3.1860097859227219 134 105 78 0.42439920801448044 41 189 42 239 43 259 45 305 44 279 46 350 48 361 49 350 50 368
231 3.1727766031901199 -1.9296860079808804 2.3886879615455081 149 114 91 0.27369530838997252 45 313 42 243 43 265 44 332 41 290 46 361 48 370 47 283 50 373 40 238 39 229 38 207 37 222 36 223 35 208 34 191 33 193 32 161 31 208 30 165 29 155
232 2.3289237711199022 -1.8519554669427665 2.8013322903810023 131 90 70 1.2845989654558789 41 253 42 247 40 268 39 269 38 233 37 250 36 178 35 164 34 162 33 157 32 163 31 172 30 169 29 230
233 2.4019978401000706 -1.6808162500016308 2.7375996338505368 45 30 20 0.76362646775762599 41 297 42 249 43 210 40 269 39 294 38 256
235 3.5639571928738278 -1.7069625270868907 2.6834798245568798 93 74 59 0.31075523507645664 41 208 42 254
236 3.3475229490502088 -1.6431823547146909 2.5862257705155769 227 184 154 1.2571296813373831 41 299 45 361 42 255 43 320 44 291 46 372 48 378 47 335 49 359 50 384 40 241 39 234 38 213 37 183 35 134 34 140 33 137 29 45
237 3.3854848297515243 -1.6255409497615696 2.6173486330293891 118 42 19 0.069041733715640069 41 260 42 257 40 243 39 239 38 215 37 231
238 3.331036081929974 -1.4488011366440563 2.6386581410171766 241 191 161 0.34068007222799973 41 261 42 258 43 276 44 293 46 326 47 293 49 330 50 349 40 244 39 243 38 219 37 235 36 236 35 218 34 198 33 200 30 146
239 2.5031150909798323 -1.306303209570056 2.4626289010135034 71 16 11 0.28715499003694123 41 262 45 364 42 259 43 278 44 294 46 328 48 330 47 295 49 364 50 351
240 2.5692785277911638 -1.2148167688508709 2.5451192578595871 242 187 165 0.71561800410437693 41 307 42 261 43 282 44 299 46 287 48 286 49 217 50 230 40 299
242 1.9021746391336094 1.3735218659608368 3.5351816128604665 139 102 78 1.4382472004903408 45 292 42 273 43 178 41 278 44 152 46 175 45 226 47 89 40 285 41 313 39 287 38 250 37 295 36 291 35 273 34 266 33 253 32 261 31 265 30 268 29 255 28 236 27 247 26 239 25 224 24 212 23 230 22 183 21 193 20 180 19 172 18 170 17 155 15 178
243 4.3611147554514247 0.98234241535149569 2.866127518236754 255 255 255 0.86815076770767086 41 276 45 172 42 274 43 295 44 265 46 178 40 283 39 284 38 268 37 292 36 288
244 2.6172240665849063 -2.2828844954425476 2.4092538338566332 218 171 146 0.93810377714743265 45 306 42 279 43 307 44 280 46 129 47 36
245 3.5366956409861596 -2.18563628566727 2.6778201528057326 89 78 66 0.63603154686111096 41 287 42 282 43 311 45 379 44 329 46 394 47 352 48 404 40 236 39 189 37 28
246 3.2454155569172172 -1.549596152027972 2.5603466612768222 186 140 112 0.28589569017895244 41 300 42 290 46 374 48 380 47 336 49 361 50 386 39 271 35 216 33 197 29 166 28 158
247 2.5627379629420206 -1.4029840549274617 2.4261047064334949 211 155 134 0.23179831726452657 41 303 42 292 47 338 40 274 39 273 38 235 37 255 36 259 35 250 34 233 33 232 32 230 31 233 30 231 29 215 28 200 27 210 26 193 25 174 24 172 23 144 22 125
248 3.3983607864893139 -1.4044376453732201 2.6315273531856862 238 178 147 0.0893768230164807 45 365 42 293 43 323 44 345 46 378 48 383 47 339 50 388
249 3.462753042260692 -1.4518519745481595 2.6268571569258818 240 180 153 0.25343927469353689 41 305 42 294 43 324 44 344 40 276
250 3.7552335395260577 -1.0058545534505288 3.6257221439463585 255 255 255 0.6559622133672004 41 325 45 331 42 300 43 285 43 345 46 336 47 305 49 284 49 395 50 296 40 279 39 279
251 2.635886563559608 -0.88095645542875678 2.7486734059736317 161 109 90 1.2918683089801455 41 326 45 275 42 301 43 286 44 251 40 303 39 315 38 279 37 301 36 300 35 276 34 287 33 272
253 2.8242124172013394 -1.7191052621503309 2.3003757975243788 230 186 159 0.85026704323065116 41 318 42 309 43 334 44 359 48 407 49 381 27 225 26 204 25 207 24 197 23 212 21 175
254 3.7543528637117425 -1.4672831737958454 3.6060780960567835 255 255 255 0.47506487176765771 45 407 42 314 44 368 48 415 47 362 49 390
255 3.763839586279405 -1.2582767469897072 3.6196021926547095 255 255 255 0.81918881726981729 41 341 42 315 43 364 40 301 39 314 38 241 38 278 37 289 36 239 36 280
256 3.7233956176145266 -1.0896587038391254 3.6312406180130608 55 41 22 0.61203455874106016 45 410 42 316 43 365 44 371 46 422 48 436 47 389 49 451 50 476 40 302 39 278 39 302 37 262 36 262
257 3.7443208569953104 -0.83928627776678977 3.7529992603444113 255 255 255 0.54400917376756297 45 392 42 317 43 346 44 390 46 408 48 439 47 391 49 422 50 451 40 304 39 316
258 2.6278480215469942 -0.42582052686642247 3.5359052798279604 231 186 148 0.57026115339305905 41 328 42 319 43 348 40 306 38 265 37 302 36 281 35 278
259 4.0293892164918219 1.1835057792923487 2.3399800543114164 217 161 121 1.4310435435950277 41 239 42 322 40 226
260 2.4142580997023679 -1.7198340188013574 2.6948105711961263 89 63 53 1.0450629777949878 40 337 39 334 38 310 37 331 36 333 35 308 34 308 33 296 32 288 31 297 30 295 29 290 28 274 27 287
261 3.7447083381488615 -1.6893636982771527 3.5695805112818619 255 255 255 1.4391938915514555 41 352 42 330 43 360 40 296 39 298
262 3.7357362115716573 -0.46462556025078222 3.2065898009235174 28 26 26 0.87274002773942283 41 354 42 337 40 333 39 328 36 320
263 3.8754486893712037 -0.36252996624323675 3.0191694813228254 26 22 24 1.3048526999775094 41 343 42 338 44 410 40 319 39 304 38 280
268 3.8145648902579241 1.59546519046434 2.4530448448379953 222 169 135 1.3785599039843905 45 440 42 346 44 377 45 398 46 414 46 449 48 443 47 397 49 437 50 455 40 313 39 309
269 3.2955227214640388 -2.6488274778331991 2.8697290549220735 112 87 63 1.059249793186624 45 419 42 347 43 370 44 397 46 427 47 399
270 3.2063540252029097 -2.3271950404203561 2.4193079377335494 91 71 54 0.23260955235883921 41 348 42 348 43 355 45 401 44 379 46 416 48 428 47 381 49 409 50 442 40 326
271 3.5955453191920292 -2.5036584074217805 3.1936926306202982 66 49 34 1.2786212183542229 41 337 42 349 43 371 44 398 40 315 39 264
272 2.5077765523557707 -1.7545476073492587 2.4522064670376604 231 187 161 1.3212406572347142 41 350 42 351 43 357 44 382 40 328 39 333 40 336 38 297
273 2.5923654762791899 -1.2561449991182336 2.6486534949735434 229 181 153 1.4431910558590852 41 353 42 353 44 404 46 434 48 454 47 406 49 448 50 471 40 330 39 327 38 286 37 309 36 306
274 3.3421044096367978 -1.2456863891925276 2.7889987320527703 214 168 133 0.45037733959131099 45 429 42 354 43 375 44 406 46 437 48 457 47 409 49 450 50 474
275 3.7103675030768977 -1.3397855423657745 3.5840043147475336 35 22 12 1.2155183069699123 41 340 42 355 43 363 45 408 44 407 46 421 48 433 47 387 49 416 50 472 40 331 39 312 38 276 37 288 35 183
276 2.0709832505756136 1.3287291610123895 3.4533349263659394 255 255 255 1.6960991450730791 41 355 40 334 39 330 38 291
278 3.3460261047072852 -1.3969350599479951 2.6200970669722992 239 188 157 1.0678118398238046 41 363 42 363 43 374 45 426 44 403 46 433 48 452 47 404 49 446 50 469 40 340 39 337 37 308
279 2.8599094902301712 -0.87187018229690327 2.9720387222546947 113 81 58 0.59274820006851481 41 364 42 364 43 378 45 391 44 388 48 342 47 341 49 280 40 341 39 341
280 3.673553864773734 -0.70821865577149345 3.695953257282703 66 43 19 1.7835165465896716 41 366 42 366 43 399 44 435 45 462 46 469 48 483 47 437 49 471 40 332 39 317
281 3.7743900060294235 -0.58903418230588045 3.5510409277489097 255 255 255 1.8281789791624938 41 367 42 367 40 343
282 2.2037729354187747 1.2880223179477091 3.0862274700235091 255 255 255 2.0749177041606108 45 452 44 429 46 460 47 428 48 485
283 3.9119269191605963 1.2975415132668584 2.4304717805577605 255 255 255 1.2134367204409366 41 357 42 371 43 393 40 345
284 3.4766107534795427 -1.6689128371091262 2.6602415226563862 227 167 137 0.78974289865658143 41 375 45 470 42 375 43 406 44 443 46 475 48 497 47 451 49 488 50 519
285 3.0256547935013569 -0.99834794706131724 2.8748250979633294 146 110 82 2.2922612981766615 41 379 42 378 38 302 37 323 36 319
286 3.815937124594833 -0.19346539682084632 2.8310411292772271 236 191 150 1.6335879342331459 45 474 42 380 43 401 44 449 46 478 48 502 47 446 47 457 39 343 38 307
287 2.7103199447217543 -1.4787169568750655 2.4482495113936689 243 198 171 1.4355223948163272 45 460 42 381 44 444 46 467 48 479 47 434 49 468 50 502 40 357 39 356 37 339 36 336 34 310 32 282
288 3.345855010151296 -1.1766594749588208 2.8088093739311537 210 164 125 1.0046508067942412 41 378 42 382 40 351
289 2.7937375357764584 -1.0368024165205014 2.7893519529218804 230 187 159 1.372716563960503 41 383 39 357 40 359 38 314 37 340 36 337 35 311 34 311 33 299 32 284 31 293 30 293
290 3.4856864267943823 -0.51278014692560692 3.3852559361472951 225 179 137 1.1651449855295779 41 385 42 385 43 409 44 448 40 361
291 2.7258095020645445 -0.27801670746867008 3.3541829649890644 241 187 146 2.1069567791756607 41 386 42 386 43 410 40 362 39 360 37 341 36 338
292 3.5361990071754676 0.64113874964052342 2.4744675062929011 20 16 16 1.844903152376888 45 475 42 387 43 411 44 437 47 447
293 4.4293721599297005 1.108997559296055 2.9474889155878139 255 255 255 1.8912840483079907 41 387 42 388 43 412 44 450 45 476
294 2.3276005251671803 1.3802672771954994 3.2739428174196439 12 10 9 2.1596916640563761 41 388 40 363 38 317 39 361 38 323 37 345
295 3.6067530971500421 -1.4780131726810801 3.2599120145497382 36 29 22 1.7473351464078701 41 382 42 390 43 414 45 480 44 459 46 490 48 507 47 462 49 498 40 358 38 285 37 310 36 278 34 174
297 4.0407692689785879 1.4789612248975488 2.7267513440163422 255 255 255 0.91161840966651686 41 394 42 396 40 368
298 4.0320238172110257 1.4561979722553076 2.6729023508889473 255 255 255 1.3764573191974858 41 393 42 397 43 425 45 489 46 495 40 369
299 3.6190086100634402 -0.27919108688039013 2.9207702537790299 11 10 6 1.8078153433186399 41 396 42 399 43 423 40 374 39 370 38 330 37 354 36 354
300 2.9919576781736197 0.70186829255064997 2.8194836966648955 12 10 8 2.2284222741835387 42 406 43 430 44 470 46 497 45 492 47 468
301 2.9509741949077561 0.73550352719275058 3.06944387246027 12 10 8 1.3939960410916845 41 404 42 407 40 381 39 377 38 337 37 361
302 2.1356152709117837 -2.2051372957740698 2.7167906075343287 255 255 255 1.2972347686667858 41 401 42 403 43 427 40 379
303 3.3626980854609823 -2.7272853457267825 3.0164097617833368 168 129 88 0.50199039243789212 45 6 43 3 44 4 48 102 47 98
304 3.3626980854609823 -2.7272853457267825 3.0164097617833368 168 129 88 0.50199039243789212 45 5 43 4 44 5 48 103 47 97
305 2.7639543130990365 -2.4221926354589822 2.4310311176792152 78 65 46 0.8007846301707463 42 2 43 6 38 2 37 3 36 0
306 3.0954047846836521 -2.4064749888064467 2.4312596596878819 80 65 51 0.47307238718437888 45 15 43 10 44 99 48 19 47 20 50 18
307 3.1828962060531847 -2.4094185687631891 2.4561759122836233 118 100 85 0.19261454971107247 41 5 43 11 48 20 47 23 49 27 40 9 38 11
308 3.4761517188015416 -2.7006423886249897 3.0909479576217906 115 90 64 0.40807008416784174 45 8 43 17 44 22 46 112 48 107 47 103 49 109 50 189 49 171
309 3.4276861784812507 -2.5763280024546189 2.9321863675704454 121 102 87 0.085854772422938652 45 117 43 18 44 102 46 117
311 3.3167003394275025 -2.3992592480823998 2.5175973896931083 66 51 39 0.14577230730344454 42 14 43 23 46 31 47 29 49 31 50 24 40 15
312 3.3210469635193007 -2.4270260020042596 2.5461319959069932 60 47 34 0.14716669080708672 42 18 43 24 44 36
313 3.3950755749627959 -1.9923907042379365 2.5022277088615064 66 49 34 0.25018366424755056 45 66 43 34 46 64 48 63 50 58 40 30 39 46 38 33
314 3.5415966005341595 -2.0973675644806735 2.6663282029875153 40 32 25 0.1501270691850729 45 64 43 35 48 145 49 141
315 3.5298471929184725 -2.0726278121652757 2.6647389957609913 42 33 26 0.24838546880420034 45 138 43 37
316 3.4178570160127104 -1.8192339458887201 2.3682056194449781 113 88 71 1.8963634234953233 41 40 46 71
317 3.5169961984868423 -1.7989237494844423 2.7189389213582631 144 117 99 0.06455305370865301 41 45 43 43 44 61
318 2.8357414108936698 -1.6573267379118288 2.3395908239827423 184 135 108 0.24860562993700755 41 53 43 47 44 67 46 78 40 47 39 57 36 37 34 38 32 40 31 34 30 42 29 40 28 40 27 33 26 22 25 19 24 24
319 2.8749495021068525 -1.6216778497723201 2.3517926035099124 184 138 114 0.18064591967998866 42 51 43 48 49 76 40 49 39 67 38 56 34 39 33 39
320 3.2043756558430725 -1.6702451739212612 2.4735986765186952 173 135 109 0.1411666092891844 41 109 43 49 44 131 46 80 48 77
321 2.4200958258683785 -1.6362027617474604 2.7172791822457758 183 141 121 0.20720499647291021 42 54 43 50 40 111
322 2.4646406657532562 -1.6038812132757816 2.6221722171445774 169 119 97 0.82464042875703625 42 145 43 51 40 204 39 237
323 2.6754734485714011 -1.6113825654783758 2.4720719417803068 219 171 143 0.2294737536872089 45 83 43 52 44 69 46 82 48 74 47 78
324 2.6066937275138571 -1.1646828996329939 2.5244898884684601 187 93 88 0.16601186503045215 42 65 43 61 44 79 39 76 36 54 33 47 32 49
325 3.6285118978057387 -0.68789176025250387 3.6897145719998656 70 45 18 0.37522130085086558 42 69 43 67 44 86 46 167 45 166 47 153
326 3.6883493484008971 -0.51326854012961165 3.0498366544563202 41 33 31 0.36597943156706425 45 99 43 71 48 231 47 202 49 225
327 3.1551619474046135 -2.5834562334952791 2.6038277612890113 127 107 88 0.47458825573801433 45 179 43 83 46 189 50 183
328 2.8454944635044228 -2.4432768592808323 2.448223106602168 81 68 49 0.86128344181710759 42 78 43 86 47 7 39 95 36 128
329 3.4046402431560741 -2.6873442904352696 3.0280188471339828 144 106 68 0.21888774700078575 45 113 43 90 44 97 46 109 47 100 50 104 40 11
330 3.1904901237497412 -2.1273955411072376 2.3607792829671563 138 107 84 0.23786832613799902 45 132 43 107 44 114 46 133 49 138
331 3.4053503624428325 -1.9473146710630655 2.5208524053378523 92 72 56 0.19828544476868004 45 142 43 114 44 122 46 142 48 147 50 140 38 39 36 28
332 3.5948716051886263 -0.78647356260911416 3.6429528157888083 77 53 32 0.14284844063029314 45 164 43 128 44 144
333 3.7678682597691497 -0.32284916809332098 2.7516095167751518 53 51 52 0.19879299713003629 42 165 43 134 46 172 40 175 39 176 38 150 37 120 36 162 35 151 34 117 32 115 31 128 29 58
334 3.8035386508438815 -0.30060739608078663 2.7349685267315582 214 170 141 0.52838839207244748 45 220 43 136 44 148 47 86 49 226 50 237 40 124 39 134 38 115 37 121 36 117 35 106
335 2.9439118557208976 -2.3040344998950117 2.324542603974018 112 85 61 0.39190878948722219 41 132 45 119 43 146 46 120 48 127 50 122 40 144 39 145 38 123 36 130
336 2.8749766149788405 -2.2125731622070779 2.2718803512028809 200 156 131 0.11329295645533217 45 185 43 147 44 166 46 196 48 199 47 167 49 188 50 201
337 3.2481086898437703 -2.1421273170208033 2.4007376422560465 107 82 62 0.18894790407155332 45 193 43 149 44 175 46 207 48 200 47 173 49 192 40 98 39 108 36 85 35 77 34 82 33 79
338 3.2480894987497515 -2.1421772493079971 2.4007708630054934 107 82 62 0.18363128007685739 45 194 43 150 44 176 46 206 48 201 47 174 49 193 40 99 39 107 36 86 35 76 34 81 33 78 31 79
339 3.2421750955459885 -2.025806560920373 2.3995997012601613 138 110 89 0.12640044705731765 41 145 43 152 47 177 50 258 40 152 39 152 37 136 31 81
340 2.4119931845657874 -1.7914276409753962 2.5135126914695021 223 180 156 0.35167529061653413 45 74 43 156 44 124
341 3.4272151891736455 -1.8259706445091279 2.5696658018304968 92 71 56 0.23279700667744105 42 141 43 157 46 266 48 268 47 230 49 255 50 270 39 157 38 131 37 144 33 84 32 28
342 3.4278481904581524 -1.8254742348139055 2.5674006142014298 92 71 56 0.18933844055765747 42 142 43 158 46 267 48 269 47 231 49 256 50 271
343 3.3315672175053321 -1.5719310557137438 2.5985829150534658 236 191 157 0.12086144153884068 41 161 43 166 38 137 37 109
344 4.2536973452141558 1.1707849941747415 3.1917705180755842 75 66 58 0.31319524732800119 42 169 43 179
345 4.2127671344764508 1.4587217631904188 3.3446559728537073 11 19 26 0.28131465303491426 45 175 43 181 46 181 47 158
346 3.5191476649935929 1.4359752663405441 2.6376850021407168 17 13 10 0.34692450294410493 41 187 43 182 44 206 42 172 39 178 38 155 37 166
347 2.5062729936295298 -1.1893472840284496 2.6526427223683875 169 72 67 0.23472088377870026 42 208 43 222 44 301
348 3.4998453592667751 -1.1497984587371559 3.6098315955324449 72 59 35 0.15202617999205573 42 216 45 213 43 229 44 248
349 3.6861930940896968 -1.0276491974824788 3.5836349203392719 122 94 66 0.47730614829518719 41 226 42 219 43 231 44 249 46 335 48 340 47 304 49 339 50 356 40 173 41 174 39 173 38 111 37 116 36 62
350 3.7250815315806003 -0.95377596493416461 3.66053772520418 79 61 38 0.6935122120065037 45 278 43 234 40 212
351 3.9863761291293636 -0.33393345575478572 2.9882669383692346 27 25 28 0.94958710866774776 42 167 45 334 43 239 44 260 40 67 39 83
352 4.0577720211607717 0.29224266756038586 2.3444236478852885 23 24 27 0.72317134431739327 45 288 43 241 44 262 46 300 47 310
354 3.6113478148063707 0.74905542635764955 2.5268127848685538 32 22 17 0.37520552994782996 45 293 43 243 44 313 46 344 48 301 47 315 49 346 45 373 50 363
357 3.5443023777602041 1.6360608813905702 2.6542257453941343 255 255 255 0.92747827298082985 42 305 43 249 44 272 39 220 37 272 34 243 28 180 25 165
358 3.1686238383159058 -2.6899795820920236 2.8361411877271134 255 255 255 1.7479359321571415 42 236 43 252 44 276
359 3.208182067219814 -2.6351989397747708 2.7608672803012428 94 77 60 0.32260209479298618 42 176 43 253 40 137
360 3.6553312807910103 -2.4801353673902642 3.346646952639456 255 255 255 0.44568882022786116 45 310 43 262 44 327 46 354 47 324 49 243 50 254
361 2.8416915911914726 -1.7913900600554906 2.2725528668917621 227 187 163 0.29351232191253518 41 251 43 266 44 284 46 321 48 321 47 289 49 321 50 341 34 161 31 171 30 168 29 130 26 62
362 3.7124014929392715 -1.8739227299783074 3.5177615933091162 255 255 255 1.4010198276368078 45 360 43 273 44 361
363 3.3679562345675214 -1.467486149641446 2.6450133561707325 240 178 151 0.17018726074946511 45 321 43 277 46 327 47 294 49 331 50 350
364 3.7426333062469239 -1.4699302985666931 3.5803634601113647 255 255 255 0.40169898598631093 45 326 43 281 44 298 46 286 49 270
365 2.0005689746057858 1.1898254108970419 3.4396957057270825 255 255 255 2.5425045192648148 42 303 43 292 44 263
370 2.0057318868829461 1.1578741752033743 3.3790546879468817 255 255 255 1.681257338543531 42 320 43 350
371 3.6965257649636163 -1.5499539673446758 3.5612215679069048 28 19 11 0.51791333315732757 42 331 45 425 43 361 44 386 46 432 48 451 47 403 49 445 50 468
372 2.4936511565809947 -1.4605656473440991 2.5286997574113541 230 180 158 0.4636502302586778 42 352 43 373 44 402
373 2.7071814950029944 -1.0883837604394879 2.6258517867794877 228 182 160 1.2435527468214607 43 376 49 417 50 447
374 2.9141756081374344 -1.0157340993645159 2.6102357166557209 219 173 145 1.5788690802305405 45 432 43 377 44 408 46 439 48 435 47 412 49 419 50 449
376 2.5597460245796797 -1.1472523143535505 2.6945921026535578 161 64 63 1.7779633481759378 45 446 43 387 44 424 46 456 48 472 47 422 49 463 50 490 34 304 36 330 33 297
377 2.5038451023579316 1.5041588387493248 2.9063972522661241 255 255 255 0.46782964710171537 42 370 43 392 44 430 45 453 46 462 48 465
378 3.9134000794956476 1.2944670025360245 2.4159056177800569 255 255 255 0.16266522185801882 42 372 43 394 40 346
380 2.7539190152434911 -1.0712686234191315 2.8845123972199196 227 184 156 2.1799075095253295 42 377 45 471 44 445 42 383
381 2.8865751277270606 -1.1712347831384462 2.6248649333359797 224 179 152 1.4500546424242604 45 478 43 415 44 453 46 482 48 498 47 452 49 477 50 511
382 3.5258583227741127 0.93432309845290273 2.5401410070461772 20 14 13 0.27792763963205014 42 393 43 417 47 458
383 3.5883545420651539 -0.99125203558028441 3.6937766703163062 70 45 25 1.1048357917508085 45 482 44 460 46 483 48 499 47 453 49 489 50 520
384 3.3612850656285196 -2.6658097706865949 2.9730526340165024 91 67 44 0.32309337023078594 45 7 44 7 46 107 48 187 47 161 49 235 50 245
385 2.8078528552627571 -2.4147553480036503 2.4534766669238679 96 83 63 0.1045769646543286 45 22 44 9 46 19
386 3.0425240503201012 -2.3949541400512948 2.3982679278752808 69 52 37 0.14749409059253318 41 3 44 11 39 8 36 5 35 10
387 3.3818244587726856 -2.5657622729523664 2.8762673198760647 72 56 40 0.095133923721765268 45 20 44 19 46 16
388 3.0875363366861226 -2.2997422216520538 2.3594580197933319 141 114 89 0.19672728851867233 45 28 44 28 46 42 48 37 47 38
389 3.4129084967203198 -2.5448210876659658 2.9178925558072164 46 38 31 0.13029775902146429 45 39 44 38 46 36 48 111 47 110 49 115 50 110
390 3.2146513806542862 -2.2683515639200964 2.4030382157471428 92 67 48 0.43336995758218499 45 47 44 42 48 39 47 42 49 40 50 34 39 27 38 26 37 23 36 20 35 21 34 20 32 19
391 3.350275724972914 -2.1366035779292258 2.4739955004751168 53 39 25 0.28212008683413048 45 60 44 50 46 52 48 48 50 46
392 3.3497285955561993 -2.1366405498839116 2.4759010799887298 53 39 25 0.3166262142874246 45 59 44 51 46 53 48 49 50 47 40 27
393 3.1181776037229909 -2.0264051482570911 2.3413607231067353 177 140 117 0.30432773002007257 42 28 44 53 46 56 48 54 47 57 49 58 39 40 36 26 34 22 33 22 32 21
394 3.3152727544739591 -2.0251774634589035 2.4552754897053237 76 55 38 0.047831586467720795 42 32 44 54 50 54
395 3.4833327465096975 -1.8385298425033219 2.6358007140594815 70 54 40 0.11718932670651941 45 77 44 60 46 73 47 74 50 69
397 2.8052340094985446 -1.6720823516846326 2.3184619158236099 138 89 62 1.6954310630155547 41 102 44 65 46 150 48 154 47 140 50 70 40 107 39 117 38 87 33 89 32 26 30 28 27 25 26 20 25 17 24 25 22 14 21 21 20 17 22 58
398 3.411284443178225 -1.7001028080825114 2.5995653902068732 178 128 113 0.13890722287881441 42 53 44 68 46 81 48 73 47 76 49 77 50 74
399 3.703106072815002 -1.2507607098581142 3.5480085472522567 111 85 60 0.35322853630028639 45 159 44 82 46 95 48 167 47 148 49 221 50 234
400 3.6342362001608528 -1.0830510266226621 3.54795971406064 96 70 42 0.17082196886484502 41 65 44 84 48 87 49 91
401 3.1477433909859291 -0.23099737437709053 2.8657454305511081 23 14 9 1.5986640427842842 41 67 44 88 39 85 37 70 36 67 29 60
402 2.9035002613221339 -0.14108216721827482 3.0540101382094371 29 20 17 0.70976321225247263 43 74 44 89 34 59 31 55
403 3.5965083500838793 1.2106575701745319 2.5700272857891187 129 98 76 0.52937584267091287 43 139 44 92 40 181 38 154 34 155
406 3.0809171360168639 -2.4123612547296522 2.4184311224161488 89 76 62 0.098537435773618509 43 88 44 98 40 85
407 3.287590504342158 -2.4343906606209278 2.5189878146630353 102 85 70 0.910082054330691 45 116 44 100 46 113 47 104 49 121 50 114
408 3.3263453428196654 -2.3832521829971229 2.5137570267526219 102 89 75 0.12600323103491609 45 125 44 108 46 127 48 120 47 122 49 123 50 116 40 17 39 23
409 3.1715517239671649 -2.1135637143628161 2.3611779619521718 158 122 97 0.41909586521656272 43 30 44 115 46 134 47 131 41 141 49 53 50 44 39 38 36 23 35 75 34 80 33 77 32 73 31 78 30 91 29 17 28 16 27 10
410 3.2757716249113917 -1.9307165804876363 2.4431465647563657 146 115 93 0.17741207232915271 45 65 44 121 46 63 48 62 47 136 49 143 50 60 39 49 38 38 35 29 33 27 32 24
411 2.7710684177286495 -1.6457354140054947 2.3663273629514525 70 46 34 0.3330278327058972 43 45 44 127 46 77 40 159 39 122 38 175 37 179 36 182 34 166 33 159 32 165 30 171 29 158 28 156 27 151 26 130 25 128 24 130 23 114 22 90 21 88 20 91 19 87 18 53 17 89 16 95 15 64 14 19 13 24 12 67 11 19
412 2.860647411450147 -1.6352973529389949 2.3494479699913788 98 62 44 0.2268116425789721 45 148 44 129 46 79 48 76 47 143 36 93 35 84 30 102 29 92 28 93 27 83 25 29 24 74 23 30 22 29 21 30 20 26
413 3.6746774825652184 -1.6760083658607585 3.4925966746162023 74 63 43 0.51174829622097129 45 154 44 134 46 157 48 218 49 267 50 282
414 3.7011254853082689 -1.3328245090586746 3.5277445849722158 34 21 8 1.0758725782978087 41 59 44 139 47 195 45 209 49 271 50 229
416 4.1906328688913579 1.3111064209905345 3.3510842529056157 41 38 37 0.19575872644444739 45 174 44 154 46 179
417 3.3594053251525819 -2.7032386211147492 3.0151349832076408 206 166 124 0.542772037055679 41 77 44 158 46 244 48 240 47 212 49 234 50 244 40 87 39 11 38 80
418 3.2938219385318441 -2.5495277902563487 2.6690712255105908 138 119 99 0.37795915577012051 45 234 44 161 46 248
421 3.4786002067921329 -2.3704320098868203 2.6848620246659367 60 52 39 0.19630588676692051 45 188 44 170 46 200 50 200
422 3.4791176732914657 -2.3029962371902135 2.6443356842174777 52 44 33 0.17136094847599503 45 189 44 171 46 203 48 197 49 186 50 203
423 3.5982678106537387 -2.4649202266681178 3.2646267760749978 80 66 52 0.1719508168492426 45 191 44 177 46 204 48 251 47 172 49 242 50 253
425 3.627152683254153 -2.5068218083564711 3.3093228285526153 60 47 34 0.45624184381504768 45 240 44 210 46 256 48 400 49 311 50 329 50 405
426 3.5171975863853322 -2.04427058261567 2.6371895793403768 39 30 21 0.37523292450483153 42 138 44 219 46 212 48 262 47 225 49 251 50 264 40 104 39 115 38 37 37 32
427 3.5171975863853322 -2.04427058261567 2.6371895793403768 39 30 21 0.37523292450483153 42 137 44 220 46 211 48 263 47 226 49 252 50 265 40 103 39 114 38 36 37 31
428 2.9120098337677947 -1.7695598323938579 2.2917624007964639 220 179 153 0.28513610613503387 41 199 44 223 48 267 40 192 39 192 34 135 33 132 32 132 31 88 30 94 29 22
429 3.4651274751509087 -1.5376666234924081 2.6271307416131897 245 183 156 0.13691854960621588 42 199 44 233 46 280
430 3.6925487977122886 -1.7216918892047521 3.5435947589185264 45 38 23 0.58980587623219771 42 198 43 215 44 234
431 3.7242205185225363 -1.5215487055946526 3.5887983944318509 30 22 14 0.4936951571471711 42 202 43 167 44 237
432 3.4586299804172227 -1.1641628740408836 3.4204251690986673 255 255 255 0.60279652184998456 45 367 44 246 46 406
433 3.7220315468678087 -0.91622045055889278 3.6607130070814624 56 39 18 0.49824385758876799 43 233 44 254 46 294 47 254 49 283
434 3.6980549607207913 -0.86537668673665846 3.6976163517389513 39 25 10 0.4571125558336267 45 280 44 256 46 338 40 213
435 4.0577720211607717 0.29224266756038586 2.3444236478852885 20 20 25 0.72317134431739327 43 240 44 261 46 299 47 309 45 287
437 4.0473771541287151 1.2274191523352607 2.4244165396476074 217 162 121 0.74275430015573207 43 297 45 299 44 269 46 306 49 301
439 3.6431534587517502 -1.3075850332045809 3.518541203186782 31 16 7 0.12999023261534157 45 328 44 300 46 330 48 336 47 299 49 335 50 353
440 3.537993299732443 -1.2212988632682285 3.55696034416945 71 58 32 0.90319254310463126 45 330 44 303 46 332 48 287 47 300 49 274 50 233
441 3.4725457027224333 -2.7889423997556508 3.1896428109727784 89 69 49 1.227255116069752 46 389 48 445 47 400 49 439 50 457 50 482 45 420
442 3.275692686131054 -1.9468764919353416 2.4537161386653557 137 107 85 0.39456316151260468 45 353 44 336 46 364 48 372 50 376
444 3.7292653427503888 -1.6999849292521005 3.683548721597294 255 255 255 0.5961247797753354 45 406 44 365 46 431
445 2.5079325899431719 -0.47515878282707952 3.9311718671084757 7 6 4 0.87770459387978816 42 335 45 393 44 372
446 4.1761224985295202 0.42096186481192738 2.8295676529207752 22 24 25 1.2322543961901804 45 435 44 374 46 443
447 4.1814568694294403 1.4354291649395725 3.4444635511800636 52 46 38 0.83124163451245248 45 395 44 376 46 411 48 393 47 378
448 2.5149950081011307 -1.7465046113620668 2.4506210665452599 229 185 159 0.67708047321782239 45 380 44 383 46 367 48 266 47 288 49 202 50 145
450 3.6110700926004036 -2.4314094152351076 3.0011679745704947 65 48 34 0.6260027676844615 45 457 44 416 46 466
451 2.4367359754827391 -1.5681025983910366 2.4389536532416773 255 255 255 0.13717163447889685 45 459 44 420
452 2.8301352065252749 -1.5508189754450425 2.4639172964350493 235 183 148 1.7837873312872299 43 386 44 421 48 450 49 444 50 466 40 339 39 336 38 300
453 3.2828583066569847 -1.2903057312247683 2.6703464729655968 155 119 91 1.4621506078507438 45 428 44 423 46 436 48 455 47 408 49 461 50 488
454 3.4882209522942906 -2.6928111977556721 3.143432193369005 57 40 24 0.66829994903101764 41 359 45 456 44 431
456 3.3871208101537462 -1.8224837213317908 2.4624245936943798 113 88 71 0.83000893157467415 45 468 44 442 46 472
457 3.3233235497119771 -1.1107757893794896 3.0876114249555879 201 156 119 1.7847926951241362 45 481 44 454 46 486
458 3.578585378270744 1.2397941496912548 2.5841255196592376 43 32 26 0.50554536656663407 41 126 42 116 43 140 44 156 45 296 43 247 46 241 46 304 48 238 47 205 49 167 50 96 40 136 39 214 38 119 37 165 36 164 35 156 34 154 33 150 32 153 31 159 30 161 29 152 28 145 27 141 26 90 25 118
459 3.2325868975043774 -2.25800320087964 2.398206345877091 78 63 50 2.1159350748149306 45 186 41 138 44 167 43 188 44 209 46 197 46 254 48 194 48 250 47 169 47 171 49 185 49 189 40 184 39 183 37 130 36 132 35 117 34 129 33 126 32 72
460 2.6440704286742061 1.6250534194556081 2.9666425720273479 6 4 4 1.3558440637799443 43 403 45 464 42 358 44 439 46 463 47 429 49 466 48 486 50 507 40 335 39 354 38 308 36 324
461 3.2307031637796348 -2.7489580940509755 2.9355495665633136 182 182 182 1.4731508492240817 45 441 41 336 45 400 42 306 43 329 44 415 46 451 40 314 38 273 37 273
462 3.0817287865312197 -2.5037104646065425 2.480442899484514 87 71 57 0.56606403761303858 44 96 46 6 47 9
463 3.1336857025127456 -2.4888230606168986 2.4934974742586262 74 63 52 0.37488216688318238 45 14 46 7 49 11 50 7
464 3.3413845478096333 -2.4666927180137619 2.5895688108798853 113 98 82 0.11475233433766689 44 16 46 11 48 8 47 12 49 15 50 9
465 3.3413845478096333 -2.4666927180137619 2.5895688108798853 113 98 82 0.11475233433766689 44 15 46 12 48 9 47 11 49 16 50 10
466 3.3790291892968263 -2.5705615733267484 2.8858236452024824 72 57 39 0.24650804727737619 45 19 46 17 48 13 47 15 49 21 50 108
467 2.8815085242145391 -2.3076890922877262 2.3227396490617722 119 96 70 0.14685310875993729 44 25 46 20 48 35
468 3.1075720856422757 -2.3530905765204335 2.3927525271524668 94 73 53 0.24971581059221207 41 12 46 23 48 18 47 21 39 16
470 3.3394846156249471 -2.4342809456689571 2.5514962874418696 105 90 77 0.23000924114221882 45 37 46 35 48 29 49 33 50 23
471 3.4384226302800647 -2.4423907443182409 2.68280934212209 91 80 67 0.16063824508150612 45 41 46 37 48 121
472 3.276598258439833 -1.982247548600599 2.4262337436299459 103 77 58 0.10123878464569117 42 33 46 62 48 61 49 65 50 57
473 3.3919674424273758 -1.9241521804309936 2.4966219480164269 98 75 60 0.29588919898564087 45 68 46 66 50 62
474 3.4005506634569649 -1.8814215661954146 2.5378093532517481 97 77 62 0.075748708704480458 45 70 46 69 48 68 49 67
475 3.3752891207271536 -1.8207631642400322 2.525823619356248 84 59 41 0.14590458153922917 45 75 46 70 48 70 47 73 49 70 50 66
476 3.4055292036761853 -1.7593369137725443 2.5580772712623556 111 75 54 0.13910053922051266 45 76 46 72 48 72 47 75
477 3.6493664597172812 -1.8568115154424185 2.8697428776591214 35 28 22 0.2456237281084003 45 79 46 74 48 152 47 138 50 213
478 3.6493664597172812 -1.8568115154424185 2.8697428776591214 35 28 22 0.2456237281084003 45 80 46 75 48 153 47 139 50 214
479 3.546757793569276 -1.5429462626236097 2.5999683026268752 136 113 89 0.70090323565312551 46 87 47 145
480 3.6988107649374462 -1.3001087524075334 3.5377225291756225 59 46 30 0.13373958723637389 45 91 46 94 48 85 49 88
481 3.5743588216692279 1.2713228683593711 2.5807487700324265 46 34 28 0.86788942233661726 41 71 46 104 36 122
482 3.4803284378809605 -2.7711456816108786 3.11507235139001 109 90 70 0.71158729019758271 44 8 46 111 48 100 47 102 49 103 50 181
483 3.4265133713260285 -2.5783721998615179 2.9365473808266271 125 105 89 0.16802909744258898 45 118 46 116 48 15 47 111 49 114 50 111
484 3.0818151244306962 -2.3227094033182221 2.3689475861254019 105 80 61 0.15683027459640322 45 120 46 122 49 129 40 90 39 102 37 87 36 78 35 69 34 76 33 75
485 3.2508675560919 -2.4108939994234979 2.4871426714705365 95 78 62 0.13804798605445262 44 106 46 123 48 23 47 120
486 3.5589393169058949 -2.1588339249041995 2.7006527935160385 63 54 43 1.0821160216493579 45 135 46 135 48 203 43 196 49 314 50 334
487 3.2682724788497737 1.4912509977865647 2.5694110601546294 36 33 28 0.29007940539073096 43 79 46 184 48 180 50 98
488 3.2682724788497737 1.4912509977865647 2.5694110601546294 36 33 28 0.29007940539073096 43 78 46 185 48 179 50 97
489 3.1410885271545297 -2.5014580677890179 2.3843383786773478 120 96 74 1.0266610579703817 43 82 50 99
490 2.8436484281251402 -2.5032924377313615 2.532336539117046 72 54 33 1.543748775163714 42 121 43 184 46 191 48 108 47 163 49 110 38 157 37 168 39 180 36 168
491 3.4790456492347852 -2.3031829105300257 2.6443791978181874 50 42 32 0.17187878554756092 45 190 46 202 48 198 49 187 50 202
492 2.4926697575259054 -1.2744518910236688 2.5192052580210125 255 255 255 0.99018629193185526 45 267 46 223 48 334 47 297 49 366 50 390
493 2.8268911616950128 -0.89401303422173284 2.9135246904383338 255 255 255 0.52111085215101927 45 214 46 231 48 341 47 253
494 3.6748862761090866 -0.78158285599353483 3.6566201948644044 62 39 19 0.19399561042947239 43 129 46 235 48 229 49 222
495 3.5038960903598664 -2.455675977783883 2.9307803035276581 38 33 26 0.85629244357898104 45 239 46 255 48 364 47 278 49 374 50 404
496 3.5917312941677864 -1.4336563322258389 3.4815690341848913 27 20 10 0.45965103948896935 45 208 46 285 47 296 48 333 49 333
497 2.5329308749903077 -1.1521661590354924 2.6472713053225942 148 52 51 0.84755067054260491 42 157 46 289 49 156
498 2.5714223136677341 1.437162339224918 2.8360506514550265 255 255 255 0.96288670515575125 44 266 46 303 48 392 47 270
500 3.2152032242016837 -2.6205956180063246 2.7119493077586529 98 79 61 0.2282906775320897 45 303 46 312 47 275 50 322
501 3.3192658540256477 -1.9781527504128757 2.4583244151116106 113 88 68 0.20985692111201026 45 315 46 320 48 319 47 285 49 319 50 339
502 1.9428517646987873 1.3378126227006095 3.4793045687257265 138 100 76 0.48765560456701079 45 337 46 342 47 268
503 1.9428517646987873 1.3378126227006095 3.4793045687257265 138 100 76 0.48765560456701079 45 338 46 343 47 267
505 3.2339667432955261 -2.2577306153534566 2.4055810400486939 123 98 78 0.34842909680007272 43 309 46 353 35 160
506 3.5385857267484164 -2.1778577189572297 2.6681363957464699 90 79 67 0.32636017081864754 44 330 46 357 48 365 47 325 49 352 50 370
507 2.7239641526757654 -0.53284581235853101 3.2623047141806469 9 6 5 1.634603410379649 45 371 46 384 48 440 47 370 49 424 50 452
508 3.3450375813702791 -1.6562639722609103 2.5760065899867661 226 182 152 0.28671280978929953 45 383 46 399 48 409 47 357 49 384 50 412
509 3.3450375813702791 -1.6562639722609103 2.5760065899867661 226 182 152 0.28671280978929953 45 384 46 400 48 410 47 358 49 383 50 411
510 3.6781812892575907 -2.1475820747646517 3.4319012597103522 45 37 28 0.5925172800703995 44 358 46 417 48 429 47 383 49 411 50 460
511 3.3400443891441491 -1.2475200386454686 2.7932954260758525 218 172 136 0.18584281807768085 45 430 46 438 48 458 47 410 49 449 50 473
512 3.0119424289149404 -0.84898731621516232 2.8818660331739032 229 190 153 0.78254886840962534 45 433 46 440 48 438 49 421 50 424
513 3.9018120513308441 1.29890490733093 2.4562646265722408 255 255 255 1.5889006268932082 45 438 46 445 48 467 47 415 49 454 50 453 49 434 44 395 42 344 45 397
514 2.9707197688132685 -2.1497737020488406 2.3800912674174164 214 176 149 1.1609989005139136 44 452 46 480 48 495 47 449 49 485 50 517
515 3.6429319131610844 -0.31444552710450113 3.8684369097146996 31 29 30 1.3782703656596225 45 483 46 488 48 501 47 456
516 3.880377779322381 1.2609582206903061 2.4431864034854915 255 255 255 1.046481091314045 45 298 44 268 46 346 43 353 48 306 47 317 50 366 40 225 39 254 44 351 37 209 36 209 28 175 27 176 25 116 24 156 23 158 22 141 21 107
517 2.5235370938778861 1.4962745719495283 2.9049785285169962 255 255 255 1.6282894321721879 42 357 43 381 44 411 46 425 45 436 41 370 48 426 47 377 40 324 41 331 39 331 39 346 38 282 37 315 37 327 40 325 36 313 35 291 35 298 35 299 34 293 33 279 33 290 32 271 31 267 36 294 29 266 28 255 27 265 25 267 23 261 20 233 19 225 18 210 17 218 16 241 15 233 15 244 13 240
518 4.3261696870228104 1.4679693206120206 3.0226303114719295 144 123 97 0.53305359713848 46 307 47 208 49 231 50 317
520 3.8800654452000733 1.2601896002306887 2.4435955708160124 182 182 182 1.0735935326226458 43 352 46 345 44 350 45 297 48 305 47 316 50 365 40 224 39 253 44 267 37 208 36 208 35 195 27 175 28 174 25 117 24 155 23 157 22 140 21 106 19 71 17 43
521 3.0157416393080068 -2.4617134115016492 2.4376365040153183 73 65 47 0.18738444282643124 45 9 48 7 49 8 50 6
522 3.4103108734065133 -2.5868054202031314 2.9362408028878999 78 60 43 0.069405794629278011 45 21 48 14 47 16
523 3.5446657869727596 -2.3817010263118887 2.8635205974891749 77 69 60 0.13982669762339509 46 46 48 41 47 49 49 134
524 3.1473213332619276 -2.1971926423147581 2.3558345470564004 162 127 103 1.6486770678102529 41 24 48 43 47 51 46 48 49 47 49 48 40 20 39 30 38 22
525 3.1463104448804877 -2.1911062545159674 2.3424781510190971 162 127 103 1.0264748350169752 41 25 48 44 40 21 39 31 38 23
526 3.1002553013804728 -2.0997601326022117 2.3273913053062469 194 154 129 0.10426380486932629 41 27 48 46 39 37
527 3.4311172612041734 -1.794398540599518 2.5783078706317037 77 53 36 0.20293066490165718 45 78 48 71 49 71 50 67
529 3.3751302458044963 -2.6256956681504775 2.9090174405612923 153 129 106 0.24469148855373959 46 15 48 109 47 107 49 177 50 186
530 3.448045483844838 -2.5779953022175612 2.9729848992013035 104 85 68 0.37451481226083011 44 21 48 112 47 112 49 116
531 2.9545682450669744 -2.3846917246527775 2.3679659882767501 95 82 63 0.28761146055537667 46 119 48 114 47 115 50 14
533 3.4019401065986679 -1.9492062615710215 2.5285749640193997 93 74 59 0.16604632784741757 46 143 48 148 50 141
534 2.7465023331627041 -1.606975257861619 2.4030537009966748 77 52 36 0.17008963026221355 46 217 48 159 49 153
535 3.7091907347690052 -1.0130390261177009 3.5799407677536461 127 100 68 0.56559102009005524 45 162 48 168 47 150 49 276 50 235 50 294
536 3.5802525853713858 1.2045660688747231 2.589501018971005 37 29 24 0.50635223747003222 46 180 48 178 50 95 34 123 31 131 30 127 29 69 28 120 27 110
537 3.3234697981216654 -2.6177929676262415 2.8601560900842404 111 94 77 0.11741833017768506 46 115 48 186 47 160 49 169 50 103
538 3.1088796601471365 -2.4845808859958209 2.4925898558008073 65 52 43 0.4306318533484263 45 180 48 188 49 111
539 3.2837612385128536 -2.0147588367381468 2.4348396110250117 109 87 67 0.13748659988153694 46 209 48 206 49 195 50 209
540 3.365380983559612 -1.6041131681337839 2.6351447536965136 186 118 90 0.15372693169172486 45 207 48 217 47 189 49 211 50 219
541 3.7009032875693206 -0.6459027212233166 3.7596352085763489 87 67 47 0.097845127007393062 46 171 48 230 47 200 49 224
542 3.4232430133723999 -2.629463572783088 3.0139280019642709 82 56 38 0.13895628460219681 46 249 48 244 47 216 49 238 50 326
543 3.5120751175406255 -2.6755372288322965 3.154594916794569 135 108 86 0.34542577707465116 45 236 48 245 47 217 49 240 50 248 40 140
544 3.0086764582963106 -2.4085428189474851 2.3961588614695399 63 52 34 0.096817887170808609 46 247 48 247 47 214 49 180 50 192
545 3.6348703804875773 -2.3447897621113847 3.1357251148106591 62 50 43 0.5259918072604739 46 132 48 256 49 246 50 333
546 3.5641973088016252 -1.6079686227566079 2.6135772282384955 136 105 84 1.2554080594324708 46 279 48 279 47 240 49 212
548 3.5369426631880954 -2.1785425795652227 2.6722016349241966 90 79 66 0.18794508356896991 46 358 48 366 47 326
549 3.721690926543598 -1.6919807716369437 3.5814095635847014 255 255 255 0.36541213283484986 45 320 48 381 49 328
550 2.7306240422356987 -1.1608509913805529 2.5285393306785675 146 65 59 0.1500120176451688 45 389 48 385 47 367
551 2.7306240422356987 -1.1608509913805529 2.5285393306785675 146 65 59 0.1500120176451688 45 390 48 386 47 366
552 4.2424074663751501 0.25362512215026561 2.3744095708727921 16 16 19 0.95052556290845425 46 301 48 388 47 344
553 4.2322091539222164 0.27807161735781538 2.4596763533521244 16 16 19 1.3210977193534907 46 302 48 389 47 345 49 293
554 3.7096271100401026 -1.8888040585324204 3.5640481515247799 255 255 255 0.61566459033951604 46 397 48 408 47 355 49 382 50 410 50 462
556 2.3759316646428474 1.4038556427985671 3.1526393945853037 0 0 0 1.2312980635021031 45 463 46 470 44 438
557 3.9018120513308441 1.29890490733093 2.4562646265722408 255 255 255 1.5889006268932082 45 437 46 446 48 468 47 416 49 455 50 454 49 435 42 343 44 396 45 396
559 3.6220064034475166 -2.1132117626407814 2.8178505953599999 74 65 52 0.33522711878687494 46 429 48 470 47 402 49 459 50 483
560 3.5198156884706724 -0.77170854864465999 3.5504106203396368 255 255 255 0.68645111042696827 46 441 48 474 47 425 49 470 50 504
561 2.6872950828316857 -1.6968185198579691 2.4156698827605116 152 104 77 0.70473353508736958 46 481 48 496 47 450 49 487 50 518
562 3.4885322321212784 -0.20940026128466263 2.7620019953334203 10 8 5 0.72141435340679794 46 491 48 508 47 463 49 497 50 529
563 3.4885322321212784 -0.20940026128466263 2.7620019953334203 10 8 5 0.72141435340679794 46 492 48 509 47 464 49 496 50 528
564 2.7461140943004834 -1.1205406534833557 2.5239234690181362 228 178 154 0.39908076264673609 45 329 41 308 42 297 43 283 44 302 46 331 48 337 45 366 44 346 47 301 49 337 50 354 39 276 37 261
565 4.3202717993503885 1.4646663128173723 3.0519853279445077 144 122 92 3.2849688032199524 46 308 48 310
566 3.2046460716741842 -2.5464205805235376 2.598928477860472 125 110 95 0.14186216407444541 42 76 47 1 49 112
567 3.2354166892164034 -2.5858142683096665 2.6652211908725647 127 108 92 0.33163730903479649 48 1 47 3 50 3
568 3.4354049815421872 -2.731788840532722 3.080408577897733 123 92 61 0.3244582027041078 48 104 47 4 49 107
569 3.4354049815421872 -2.731788840532722 3.080408577897733 123 92 61 0.3244582027041078 48 105 47 5 49 108
570 3.3970172902026885 -2.4781017408235568 2.6328728166254973 105 91 77 0.15259576465456906 46 13 47 13 49 18
571 3.3970172902026885 -2.4781017408235568 2.6328728166254973 105 91 77 0.15259576465456906 46 14 47 14 49 19
572 3.2746569209640293 -2.4034647939598837 2.500581384018334 101 86 71 0.20681041311579032 46 30 47 25 50 20
573 3.4871348330147578 -2.4819156381045886 2.9879531826605974 38 31 25 0.20156229198529874 46 38 47 34 49 126 50 198
574 3.012678341293157 -2.2356748986755646 2.2864280344635004 165 128 101 1.0561989357674391 44 40 47 37 40 19 42 21 37 13 36 12 34 10 33 20 31 20
575 3.2127954602133846 -2.2836678778849508 2.3979345601178559 113 89 72 0.91285113164983189 43 27 47 39 49 39 50 33 49 38 39 26
576 3.5005280629629216 -2.3973420415892828 2.7380316739703687 89 78 64 0.2742018593200557 48 132 47 47 49 43 50 127
577 3.5005280629629216 -2.3973420415892828 2.7380316739703687 89 78 64 0.2742018593200557 48 131 47 48 49 44 50 126
578 3.5079139423236119 -2.2626825978189391 2.6573154919440229 53 43 35 0.078122475806189126 44 46 47 52 49 52 50 129
579 3.6167915855185755 -2.2697054372001939 2.8861323909646805 81 71 58 0.45494747583512651 48 137 47 55 49 137 50 41
580 3.1701234973081833 -2.0369407013689687 2.3661086080404647 157 124 102 0.16927627205145926 48 57 47 61 49 59
581 3.2634492147480945 -2.0093158207893298 2.3869707463109133 89 64 43 1.6435170862619712 45 62 47 63 49 61 50 55 39 44 37 29 33 23
583 2.7542948560154046 -1.7432452591478156 2.2790312833229813 154 114 92 0.20150740872678688 48 69 47 72 49 69 50 65 34 23 30 27 29 21 25 10 24 12
584 3.3826668590232112 -1.2312996654164681 2.8348924817016972 172 126 92 0.045055694993952587 48 83 47 82 50 85
586 3.8384276454909947 1.6284876924494687 2.4491736588514685 214 159 124 0.63457238055402032 48 99 47 95 49 303 42 118
587 3.3727447788774128 -2.6278118012138592 2.9143625277319196 154 129 106 0.17199642018758368 48 110 47 108 49 176 50 187
588 3.3853903225056832 -2.6050104830105223 2.9070640286108902 89 69 47 0.15509370635250322 48 12 47 109 49 113 50 109
589 3.4619788922651753 -2.6032137611405148 3.0855593489805497 49 39 24 0.29666406402494722 48 190 47 113 49 239
590 2.9719396798131683 -2.3469979837602222 2.3498420746597386 78 58 38 0.12253494372924385 43 95 47 116 50 16
591 2.9727807738813854 -2.3408945185997805 2.3387689256458839 78 58 38 1.3394004540334654 43 94 48 115 47 117 50 17
592 3.4869829100300249 -2.407565446540711 2.7231929643766031 64 56 47 0.15953469603984449 48 192 47 123 49 181 50 194
593 3.4869829100300249 -2.407565446540711 2.7231929643766031 64 56 47 0.15953469603984449 48 193 47 124 49 182 50 195
594 3.465987396935108 -2.520269917077484 2.9773946905463498 95 78 61 0.11389482850783789 48 125 47 125 49 124 50 197
595 3.3525598234904068 -2.0315647506121728 2.4952235604982937 106 86 70 1.0498694186810194 41 99 47 133 39 113 50 261
596 3.3526233617262933 -2.0239306354642559 2.477315597421839 106 86 70 0.19159008982270376 41 98 47 134 39 112 34 87 32 77
597 2.7637254012395731 -0.86920823853500295 3.0362545606164479 255 255 255 1.2399035626712158 41 228 49 369
598 4.1282054133255093 1.3472984716612428 3.8677828952277111 34 35 34 3.5206960163919336 48 97 47 157
599 3.3544246146256764 -2.5884193737181436 2.8661164783542992 129 109 89 0.14787715333327678 45 18 48 189 47 165 49 175
600 3.6309304182432123 -1.6266514378193326 3.4308110037916366 29 22 14 0.2310389172288016 48 281 47 190 49 266 50 348
603 3.3865350259303169 -2.7817068288957336 3.0087960215852969 175 144 101 0.12165653505696224 48 239 47 210 50 180
604 2.9549111816409015 -2.6173476342649793 2.7695691175332726 0 0 0 0.36907045292104285 45 232 46 188
605 3.3326214964864258 -2.5832740096624809 2.8311399479721948 52 47 42 0.22584132843523363 48 243 47 215 49 308 50 247
606 3.6445064465977843 -2.298192622249529 3.0474958556735059 42 37 33 0.66364842141166824 48 257 47 221 49 315 46 131 50 335
607 3.4557480531361215 -1.2227417827938589 3.5742284734250989 255 255 255 1.0890868479364282 46 164 47 248 49 334 50 392 50 421
608 3.7425381737852792 -0.7374574371217989 3.7751813200633961 56 46 24 0.54206742855471646 44 198 47 261 49 340 50 299
609 3.4628496338894466 -2.4872528516201968 2.8632707390101557 72 63 55 0.83640045959319542 46 253 47 277 49 349
610 4.0412817038479201 1.2179951656547658 2.4221438496963512 217 161 121 0.30233445605923776 48 394 47 346 50 400
612 3.5412618979859878 -2.1774545843937063 2.6603778864146985 90 79 66 0.3516836652283627 46 395 48 403 47 351 49 379
613 3.6812894702754142 -1.7464572146712722 3.5478057644613439 53 44 30 0.14746737053874412 48 412 47 360 49 386
614 3.7297131264345058 -1.6909448938174561 3.5870344853361424 255 255 255 0.093086380480796566 48 413 47 361 49 388 50 417
615 4.0843454940415445 0.2703342932745183 2.2534694457946092 16 15 17 1.2344947187794186 48 348 47 373 49 290
616 3.6474572480695926 0.69400716872394452 2.5221996687550283 200 161 115 0.1919439379055482 48 425 47 375 49 401 50 428
617 2.8123549224609068 -0.97101583331605024 2.6073317279752635 227 182 153 0.14653869134967867 48 434 47 388 49 418 50 448
618 3.8099957267276436 1.5975328359663687 2.4650762623985658 222 169 135 0.33638787037428675 48 444 47 398 49 438 50 456
619 3.3345209736302905 -1.4007612965776635 2.6483722566925878 238 188 158 0.12785819113632077 48 453 47 405 49 447 50 470
620 2.3903369138900965 -1.6470338717371278 2.5912834315815085 255 255 255 1.3193972784678119 48 478 47 433 49 467 50 484
621 2.8796066320040947 -0.95422074072078555 2.9602880947813515 147 115 90 2.0830042336233898 48 482 47 436 49 478 50 512
622 3.7865314615919816 1.5624949866409432 2.4601919049083296 222 170 137 2.1538877319982368 41 372 48 487 47 441 49 474 50 508 39 347 30 280
623 3.7865314615919816 1.5624949866409432 2.4601919049083296 222 170 137 2.1538877319982368 41 373 48 488 47 442 49 475 50 509 39 348 30 281
624 4.0366107963023961 1.0762229707326032 3.0368382456596832 255 255 255 0.67584748337878242 46 461 48 503 47 448
625 2.3807949314835555 -0.065654193299594155 3.5523701177967002 9 8 6 1.7576658040178581 46 487 47 454
626 2.685458216580451 1.6431074441532028 3.0397731497378095 10 8 8 0.36393649456966054 44 457 47 459
627 3.5163225827647819 1.5318424686394072 2.6107462018408216 30 23 18 1.531414261326179 45 466 41 371 42 373 43 405 44 441 46 464 48 477 47 417 46 447 48 469 50 481 50 498 40 355 39 355 38 313 37 342 36 332 35 300 34 306 33 291 32 280 31 291 30 279 29 273 28 270 26 257
629 3.4590279248341913 -2.6997917499990534 3.0736914670096094 77 54 33 0.35121480586212828 48 5 49 5 50 105
630 3.0591098141561792 -2.4273625644199104 2.4330433758518271 59 46 35 0.23468717119965618 45 12 49 9 40 7
631 3.216510013062527 -2.2464103716149673 2.398701962705394 137 112 91 0.3303970339352737 42 24 49 49 37 24 36 21
632 3.5148267697534004 -1.9310649709886665 2.634234711913872 52 40 29 0.072094102615956099 47 69 49 68 50 64
633 2.6728992312614661 -1.3570047307273683 2.4785297064038745 231 181 156 0.42891295578848831 44 136 49 82 50 81
634 3.6571098036190723 -0.76951478155154907 3.6527722182716449 82 59 39 0.26968495473105103 48 89 49 92 50 86 39 80
635 3.449200374424378 1.0853906800310011 2.4711124865117706 14 7 4 1.0322877667642296 45 108 49 102 40 134 37 74
637 3.6713734292964006 -1.8765299493147161 3.473098476959211 97 81 60 0.58608606881478598 48 157 49 150 50 147
638 2.7391554236636231 -1.6088567051344873 2.4153765250527064 76 52 35 0.17074235024659667 48 160 49 152 50 148
639 3.5962289077172507 -0.86422749053320558 3.6334640280843313 48 27 9 0.1781313869051406 48 171 49 158 50 161
640 3.5962289077172507 -0.86422749053320558 3.6334640280843313 48 27 9 0.1781313869051406 48 172 49 159 50 162
641 3.2240013898154691 -2.1934979175294349 2.3949382786163174 97 71 52 0.13038837696017466 42 131 49 191 36 135 35 120 34 131 33 127 32 127 31 137
642 3.6719090125053828 -2.1753073585622467 3.2401597700236588 74 64 50 1.2407107174262302 48 59 49 197 50 262
643 3.6257546038964179 -2.0629180360689721 2.7875812949949332 80 70 58 0.43578199840788345 45 140 49 200 50 210
644 3.6761562393501408 -1.9205498389870326 3.5188319915179762 41 33 23 0.24632708917120097 47 234 49 259 50 273
645 3.3836727436685599 -1.6364428598257348 2.5928027436836114 120 53 36 0.10023267373957068 48 277 49 263 50 277
646 3.4542107106216329 -0.99113028926159075 3.2599005246545931 161 135 104 0.26468597928439352 48 290 49 281
647 3.6915077951827109 -0.51047036373160737 3.9397236723723612 48 35 24 0.41122910761498827 48 293 49 288 50 301
648 3.8356937417425572 1.2994516492862649 4.0484129319110291 20 18 20 0.47634209250449017 48 391 49 296 50 310
649 3.2234463590343601 -2.7229679960157651 2.9747705469047863 255 255 255 0.2219224278122042 48 311 49 304 50 323
650 2.5739519287413981 -1.6530990785876911 2.4590369078513761 195 148 114 0.08354975060004266 48 325 49 323 50 344
651 3.5386450531576759 -1.7052133165205909 2.6663970719825016 146 110 87 0.35381371372408971 48 275 49 327 50 385
652 3.6779996167123157 -0.30801409234288857 2.7727203530994884 7 7 2 0.091346752732644032 47 308 49 344 50 359
653 2.8213187057849334 -0.88050484615878233 2.9176772495530114 255 255 255 0.48169466541292089 48 420 49 368 50 423 49 394
654 4.0354780095494069 1.2107126397092134 2.4185276460942156 217 161 121 0.32406828375992142 47 379 49 404 50 434
655 4.0354780095494069 1.2107126397092134 2.4185276460942156 217 161 121 0.32406828375992142 47 380 49 405 50 435
656 3.4305481361317178 -1.8065976271715607 2.6143901153245666 72 50 35 0.61274413117071624 47 354 48 405 49 412
657 3.6700444010066797 -1.9564056707535489 3.4823276835406056 44 36 26 0.18737595036497243 48 406 49 413 50 444
658 2.8570319791313099 -0.65495656226756616 2.9853815400040475 255 255 255 1.1560091084432293 48 421 49 423 50 477
659 3.73208091962832 -0.46851026258268164 3.9875109627304015 255 255 255 0.45695321674037825 48 422 49 425 50 425
660 3.5304789562320562 1.3088976655340598 2.6196896545568205 32 25 23 0.4272045961089892 48 442 49 431 50 433
661 2.6443161725075432 -1.7392258161453218 2.3400010450845778 133 96 76 0.69381961596261255 48 471 49 440 50 461
662 2.7427148322428105 -1.6414035726862435 2.4429010631016461 107 91 83 0.2228499333494641 48 448 49 442 50 464
663 3.6642140846713445 -1.7642327577552868 3.5618806969326378 57 45 32 0.10041329442984775 48 449 49 443 50 465
664 3.4342718437743556 -1.1503398758672037 3.5150582990557027 255 255 255 0.17975368667876968 48 459 49 464 50 491
665 2.7759131783727438 -0.72728409615202538 2.9443411517152405 255 255 255 0.5144821711204699 48 492 49 480 50 521
666 2.8388655911511016 -0.23889035310176004 3.1722829726895179 232 180 133 0.84867504830215734 48 493 49 482 50 514
667 3.9397430978951058 0.80029479147114813 3.1078703510149954 255 255 255 0.93886644481963799 48 484 49 484 50 524
668 4.1249163660016306 0.94046171234024223 3.3896191512011633 17 16 17 0.80039535111382165 48 505 49 492 50 515
669 4.1249163660016306 0.94046171234024223 3.3896191512011633 17 16 17 0.80039535111382165 48 504 49 493 50 516
670 3.1458092942259746 0.62972760976798747 2.4765877862589423 13 10 8 3.4778373825565492 48 512 49 501
672 3.4434570746625188 -2.6939881243079529 3.0626680537699449 142 110 75 1.2238148061099301 45 115 41 7 43 16 44 20 46 110 48 106 47 101 49 170 41 6 42 77 50 188
673 4.0488971305701877 1.2190723545682736 2.4102904179449336 217 161 121 1.2098622830003731 46 182 48 395 47 347 49 300 45 300 44 270 46 305 50 401 48 308
674 3.8363588755836537 1.6280932613263719 2.4517173651346562 215 160 125 0.88203883483567547 44 273 46 310 49 302 48 98 47 94 42 117
675 3.5586003244009126 -0.47169425791127395 3.0039243992667375 220 177 150 0.16359931698319133 44 87 50 88
676 3.423978852195563 -2.5474177836606064 2.993469482063368 95 81 65 1.1143998525084839 48 31 49 34 50 117
677 3.6250191955742666 -2.5355083555767695 3.2627821784615132 93 75 55 0.044653516607764628 46 47 50 121
678 3.6521793366903581 -1.7365323986505792 3.4154377943811567 38 30 21 0.065384441729681927 48 162 49 265 50 278
680 3.5206178164689796 1.6094314637819966 2.6789728331346896 33 27 21 0.88825743524842937 49 371 50 318
681 2.4530496452151609 1.545891720803334 2.9846602244595966 255 255 255 0.60501155808966101 48 476 49 453 50 480
682 2.2703717111289006 -0.090280026577622019 3.7128255419036917 8 7 5 2.1046396913721512 49 483 50 495
683 4.0121812452946477 1.1904866300094681 2.4286827663808706 221 165 127 1.4759072573509477 47 430 49 456 50 499
684 4.0103926744830112 1.1832260830143293 2.4240626276502448 221 165 127 0.73611756299707631 47 431 50 500
685 3.6297289943389375 -0.2446559522344938 3.960349822296942 16 15 19 2.6369803221878563 49 491 50 523
686 3.7586579996686007 0.20017610981672104 2.4574556697852405 239 197 154 1.0914598654606211 49 499 50 532
687 3.4779659575078057 -2.3742444277509169 2.6908638801475284 59 51 38 0.59765265232000409 45 187 44 169 46 199 50 199 47 46 49 133
688 4.3284784866019157 1.4774581381420038 3.0210429421978069 87 73 58 2.2343978990415851 45 301 47 209 50 316 43 327 49 232
689 2.8933838836337284 -2.3714703819051266 2.3746797791951639 69 54 34 0.18878737116487004 42 3 40 4 39 5 38 7 37 80 35 65 34 71 33 71 32 67
690 2.8933838836337284 -2.3714703819051266 2.3746797791951639 69 54 34 0.18878737116487004 42 4 40 5 39 6 38 8 37 79 35 64 34 70 33 70 32 66
691 2.7508215021036015 -1.6819306943321675 2.3394557950457786 133 88 64 0.18359991231085723 42 42 40 37 39 56 38 47 37 94 34 92 32 78 31 23 27 21 21 18 20 63 18 48
692 2.7456863166436327 -1.632222977180835 2.3938523544961661 42 27 17 0.15400460952304823 41 51 40 42 39 64 38 54 37 51 36 47 35 39 33 37 32 87 31 29 30 39 29 37 28 35 27 30 25 25 24 31 22 24 21 28 19 26 16 27
693 3.3518120673468568 -1.5719745264691367 2.6188004561851659 143 79 56 0.45230902701177284 42 150 40 52 39 71
694 3.5140105142251823 0.44049466498779127 2.4429579650418813 41 31 24 0.21547556854825492 42 72 40 68 38 71 37 71 36 69 34 61
695 3.5994584242831928 0.55755062575975323 2.4738832905239581 152 116 87 0.25489091791622753 41 68 40 69 34 62 33 53 28 60
696 3.2907644750504126 1.5068477838697976 2.5676694714136157 48 50 45 0.26131532166164306 44 93 40 77 37 77
697 3.3732052770428433 1.5607504687346891 2.603016845928614 59 58 57 0.1314500946720511 43 80 40 78 39 91
698 3.3732052770428433 1.5607504687346891 2.603016845928614 59 58 57 0.1314500946720511 43 81 40 79 39 92
700 2.3525200664759511 -1.7858879447972031 2.6754781673001968 192 148 127 0.37109099622808406 41 43 40 106 39 158 38 173 37 178 36 225 35 209 34 230
701 3.6708706397942534 -0.51165283994533817 3.1210000996327478 202 161 132 1.6051584373461083 41 179 40 122 39 82 36 114 32 182 30 182
702 2.8708295015993821 -2.3314421794214675 2.3386550943754023 94 72 51 0.12942042124877715 41 131 40 141 39 143 38 121
703 3.3788872898084419 -1.8783317428775421 2.524470435552272 61 40 25 0.22988204123664835 41 147 40 155 38 130 37 92 36 90 35 80 34 88 33 82 32 79
705 2.6443866545700336 -1.0641601270134544 2.5661846249260245 215 169 144 0.25212629062557074 41 172 40 172 37 159 35 149 34 152 32 147 31 153 30 154 29 142 28 143 26 112 25 112 23 131 22 111 20 105
706 2.4992161327411364 -2.2509745992791466 2.5041279094844033 240 194 169 0.82588756595564405 41 190 42 128 40 183 39 224 38 228 37 243 36 266 37 276 35 259 34 269 33 254 32 247 31 256 29 258
707 2.495484220383517 -0.49057187205858366 3.985229032924031 8 7 5 0.70602327608087434 41 230 40 214 38 190 37 198 36 200 32 180 31 187 29 176 28 167 26 150 25 150
709 4.0293892164918219 1.1835057792923487 2.3399800543114164 217 162 122 1.4310435435950277 41 240 42 323 40 227
710 2.9528142779247522 -2.38233344824447 2.3680022220733252 97 84 65 0.28220857991041043 43 185 40 232 39 182
711 3.6305185611787545 -1.2978354463196984 3.4514676881454256 30 17 6 0.36725727273439024 41 264 40 249 39 206 38 148
713 4.3581507658561627 0.98074842713422883 2.8503812183142094 255 255 255 1.0270233035176646 41 277 45 173 40 284 39 285 38 269 37 293 36 287 35 271 34 256 34 237
714 3.6590472335543924 -2.4535119048778919 3.2391983091076391 255 255 255 1.6274209189947664 41 317 40 291
715 4.3186491975872991 1.4582278789957819 2.9533684076492359 147 123 97 1.5337778754646865 41 347 40 323 39 321 38 271
716 2.6068331434396876 1.644179489909855 2.9769005871351286 0 0 0 0.089724331653634665 41 333 45 416
717 4.4013711117227405 1.0766101419630523 2.910893395986863 255 255 255 0.9179617220777091 41 369 40 344 39 345
718 3.4738005716155911 -1.7104286824328121 2.7450587572232594 234 184 157 1.9922111012544697 41 376 40 348 38 299
721 3.6142488347475958 0.59297758650366517 2.4770432962174942 161 121 84 0.64990814329561752 41 238 43 242 40 221 45 224 41 180 43 176 44 199 46 239 48 235 47 203 49 228 50 172 39 213 38 194 37 203 36 204 35 154 35 191 34 181 33 149 33 179 32 152 32 186 31 157 30 157 30 186 29 149 27 140 26 118
722 3.0416412692476973 -2.3935576970223131 2.3950440482552353 68 51 36 0.14985534852042387 36 6 35 9 39 9
724 3.1961925831552529 -1.9166074142527887 2.4017165398392248 182 147 125 0.12144894822216297 44 120 39 48 33 26
725 2.7131725971716238 -1.6329902275970773 2.4364226057343479 128 99 84 0.1513747677154354 40 45 39 63 37 49 36 45
726 2.5421509351257003 -1.3211167173973755 2.4470481866372729 62 14 9 0.35584241137720385 41 57 39 72 38 61 37 58 36 52
727 2.572217182662818 -1.0748150296756651 2.6008041397647683 147 84 70 0.32204961040555369 40 62 39 79 38 109 37 113 36 161 35 148 34 151 32 177 33 204 31 185 30 214 29 175 28 164 27 197 26 147 25 179 24 147 23 182 22 165 21 165 20 156 19 147 18 141 17 151 16 176 15 170 14 180 13 173 12 187
728 3.5816722063408708 1.2840645581628327 2.5675287672387421 109 83 67 0.40928685401556814 40 76 39 88 35 112 34 66 33 121 32 122 31 135 30 130 28 147 27 112 26 119 25 86
729 3.2804659037800801 -2.4069265101006598 2.5011293629528857 100 86 69 0.40662174947977159 40 95 39 103 36 13 35 18 34 12
730 2.4505277588261669 -1.6520596816217545 2.6517479881411608 178 149 143 0.21136408381851216 42 47 39 119 38 90
731 2.7337624709532249 -1.6081458876670269 2.4149333567473077 77 52 34 0.27940731441062217 42 100 39 123 38 93 37 100 35 95 32 88 22 66 21 62 19 53 18 21 17 21
732 3.4114903348589203 -1.5990197977083571 2.6624764170289157 234 179 159 0.18015389058501619 40 115 39 128 38 98 37 151 36 150 35 136 34 141 33 138 32 98 31 113
733 2.5156128900945842 -1.2843477108660433 2.5296730741112556 134 80 65 0.1505916142134385 40 118 39 130 38 103 37 155 36 157 35 145
734 2.3902035569706159 -1.6388667580978458 2.8096053611505112 173 123 96 0.5504775440709222 40 50 41 156 39 163 38 181 37 229
735 3.5002158858890242 -1.6208282349822967 2.6279619061361128 208 129 104 0.23593699244846408 46 325 39 201 38 182
738 3.756454485619916 -1.4663886899895315 3.5866103175839217 255 255 255 0.24824809997977251 40 298 39 274 38 240
739 2.525090222881484 -1.2439136139268858 2.600086425426182 242 189 166 1.4169523811713698 40 277 39 275 38 263 37 286 36 279 35 275 34 274 33 259 32 250 31 260 30 261 29 247 28 242 27 253 26 245 23 246 22 230 21 234 20 220 19 210 16 237 15 227 14 241 13 233 12 249 11 243 10 260 9 264 8 277 7 292 6 322 5 298 4 301 3 306 2 303 1 305
740 2.1898362171364476 1.4698431689912153 3.5755847651818233 8 7 5 0.30879294910795335 40 309 39 306
741 2.4675267952250781 -1.14676425056641 2.9654738088185946 255 255 255 0.73795377932112982 40 300 39 313 38 288 37 312 36 317 35 296
742 3.9128681499551687 1.314507452244581 2.5107471768771674 255 255 255 1.1828919623234051 41 356 39 319
744 2.7896272936100583 -1.4066515445243417 2.4762213690804433 242 189 162 1.7744043808980736 39 366 38 324 37 346 36 346 35 319 34 316 33 306 32 297 31 308 30 304 40 370 29 293 28 279
745 3.6272183398637199 -0.26413920592618595 2.9420548158181807 9 7 4 2.0096395622234131 40 375 39 371 38 331 37 355 36 355 35 324 34 323
746 2.2529784452277699 -2.03274585572838 2.2228641244328928 0 0 0 1.5631970468494665 44 467 45 490
747 3.3609444960931203 -2.2696982229751059 2.8882756243534367 0 0 0 1.1581239106619097 45 491 46 496
748 2.9507666229032448 0.7339367197359099 3.0768410239049353 14 10 8 1.1061433073922704 40 380 41 403 39 376 38 336 37 360
749 3.2461819076995937 -2.3729154399661319 2.4680352600522859 63 45 30 1.8710918170024917 41 15 43 21 44 31 46 26 48 22 39 18 45 30 41 16 42 13 43 22 44 29 46 25 48 21 47 26 49 28 40 14
750 3.5118212463157605 -1.9053695225810681 2.6130509104372481 72 60 47 0.78511199114566632 41 42 42 39 40 36 39 54 45 72 42 40 43 41 44 56 46 144 48 150 47 70 49 145 50 142
751 3.4073618858897392 -1.643718330311668 2.6059319797909448 241 198 174 0.46651465647316909 41 162 40 161 39 162 41 209 45 261 42 197 43 213 44 232 46 277 47 238 50 217 40 201 38 135 37 150 36 149 35 135 34 104 33 99 32 97 30 107 24 40
752 3.2687588329188868 -2.0128828476409724 2.3927228834952392 46 32 20 2.272261055721732 46 60 48 143 39 45 45 63 47 64 49 62 50 56 37 30
753 3.7454723888767374 -1.2455611323643103 3.6085170329180425 255 255 255 1.049575781876686 41 265 46 405 48 418 47 369 40 251 39 207 45 273 42 213 43 227 44 304 46 291 48 289 47 249 49 336 50 290 37 196
754 3.2301345664680907 -2.2545888440194184 2.394573886557656 129 103 82 1.5070147797682665 41 248 43 308 46 352 48 363 39 184 43 189 41 139 44 168 46 198 47 170 49 190 37 131 36 133 36 174 35 118 34 128 33 125 32 71 31 77 30 23
755 3.9107076390347801 -0.35610453640964007 3.0671469873562422 32 30 31 0.35141884552970876 45 413 39 281
756 2.9525409552495372 -2.4951417633430095 2.5028394244667242 57 46 27 0.15362717708114015 40 0 38 0 37 0
757 2.8342131438382721 -2.3800385550481447 2.3811865988136827 64 49 29 0.28131154562330274 39 4 38 4 37 5 36 3
758 2.8351626875934359 -2.3854335388678387 2.3928746755053156 64 49 29 0.25924885539597986 39 3 38 5 37 6 36 2 34 3 33 6 32 10
759 2.9512024592224537 -2.4360097498228424 2.4338889062630447 57 46 27 0.3799084560567314 40 6 38 10 37 7 36 74
760 2.4676826868076365 -1.6510231306918182 2.6279977314748222 105 63 49 0.16660994973737164 40 41 38 50 37 43 36 98 35 89 34 96 33 96 32 84 31 93 30 96 29 87 28 88 27 124 26 67 25 95 24 102 23 111 22 88 21 86 20 62 19 83 18 46 17 57 16 66 15 58 14 65 13 63 12 65 11 15 10 16 8 32
761 2.4434922355183115 -1.6161898680134104 2.6730593927635051 163 116 93 0.24662290132351875 39 68 38 57 37 46 36 41 35 49 34 43 33 95 32 94 31 37 29 96 28 95 27 79 26 68 25 68 24 70 23 21 22 63 21 59 20 66 19 49 18 50 17 18 16 25 15 27 14 64 13 23 12 28 11 14 10 17 9 18 8 30 7 27
762 3.410367006037307 -1.4974393682667084 2.6474181980127129 202 125 100 0.57956484029004351 40 53 38 59 37 56 35 98 34 48 31 43 30 54 29 98 27 93 26 40
763 3.1446154743376526 -0.2456967584061609 2.8677196042938586 223 178 149 0.74206663120302518 39 84 38 70 36 65 34 57 33 51 32 55
764 3.7306730142530173 0.69006084243438437 2.4389562034522752 222 177 136 0.21654239599836922 43 77 38 73 37 73 36 70 35 61 33 54
765 3.5785051088397459 1.3592743748771463 2.5749116543932793 111 88 71 0.41309164998942888 39 89 38 74 37 124 36 73 35 113 33 152 31 162 30 131 28 148 27 143 26 121 25 119
766 3.4545272469492447 -2.8071999956689084 3.131795853442608 115 86 64 0.2435083107954697 39 141 38 77
767 3.4235711420686341 -1.4873999543265737 2.6243660701640605 238 176 151 0.25220366432862212 43 56 38 101 37 112 35 99 34 107 30 110 27 97 26 79 25 76 23 40 22 37
768 3.8118273536474105 -0.3238107616402805 2.7720072210069753 48 42 38 0.15101737140823196 40 123 38 114 36 116 33 50
769 3.3514077486125728 1.5403642228929504 2.5875008660425656 56 54 55 0.25715617982026928 39 179 38 156 36 167 35 114 34 125 33 67 31 67
770 3.0839935102763625 -2.5329549853960471 2.5390581280094309 89 72 56 0.50544830760953297 39 181 38 158 37 169
771 2.9195645155335219 -2.3959178609524638 2.3966091339115678 63 51 33 0.20681637079986773 39 222 38 159 36 170
772 4.3271590833217868 1.508029564989386 2.9257676276817861 149 123 97 1.2430758439198797 39 218 38 199 37 211 36 126 33 123 31 65
773 4.3271590833217868 1.508029564989386 2.9257676276817861 149 123 97 1.2430758439198797 39 217 38 200 37 210 36 125 33 122 31 66
774 2.5926345355612481 1.6304608579796585 2.9035372206761725 6 5 3 0.057319166642385871 39 219 38 203
775 2.3526302625720135 -1.7471588365671649 2.7677217686492401 129 80 58 0.14876894316668782 39 198 38 209 37 252 36 258
776 2.576604934635212 -1.1200330803545169 2.5997477828892217 215 110 106 0.40438189359816129 39 247 40 250 38 221 37 237 35 226 34 207 31 217 30 213
778 2.5459995703722575 1.463488046946483 2.8566247865592613 255 255 255 0.070729574937820533 39 290 38 251
782 2.8650889496836816 -0.87905584372126455 2.9425788537851121 109 77 54 2.2817058659859821 39 340 38 303 37 325 36 309 35 286 34 289 33 275 31 281 30 288 29 283 28 264 27 272 26 264 25 261 24 252 23 264 22 245 21 251 20 244 19 234 18 221
783 3.5903363194557962 -0.9000593025665381 3.3255627963607672 41 20 9 0.38573225403482903 39 353 38 305 37 313 36 301 34 55
784 3.7495637050344013 -0.68858258672530315 3.0720695523042139 255 255 255 1.8036425069437716 38 326 37 347 36 347 33 308
785 4.093881104772862 -1.7956141904582359 3.9578763573287672 255 255 255 2.1933936408579435 39 372 38 332 37 351
786 3.2784129816736827 -2.4012165632446156 2.4918289952442563 100 85 69 0.31612213090941155 41 87 40 94 39 104 38 16 44 30 46 29 47 24 50 19
787 2.8718311998524473 -2.1457295646448942 2.2681330684939103 192 144 117 0.60264853186789324 45 376 43 332 44 356 46 392 48 401 49 378 50 408 39 291 38 253 41 284 40 262 39 263 37 245 36 267 35 242 34 224 34 244 30 222 29 205 28 192 27 203 26 189 25 185
788 2.8243764447981139 -2.2777255893681501 2.3136543398092289 150 117 92 0.22063689924695115 41 9 37 11 36 10 33 14 34 74 32 15 31 14 30 18 29 9 28 8 27 7
789 2.8344747440332507 -2.2666155727862858 2.2999474263908657 132 96 73 0.2187757217146899 38 13 37 12 36 11 35 16 34 8 33 15 32 16 31 15 30 19 29 11 28 10
790 3.0794177089013561 -2.2300243182976924 2.3155537333653995 147 112 85 1.0549569543536441 45 46 37 19 36 17
792 3.3366368845957024 -1.7321002115257329 2.5306991867979765 94 62 40 0.30224133817359211 39 59 37 41 36 96 35 42 30 43
793 3.4062105548137587 -1.4949896227225701 2.6421213465740507 203 127 101 0.36123868850056529 38 60 37 57 34 49 31 42 30 55 29 99 27 94 26 39 25 39 23 38 22 36
794 2.7839510185368685 -1.1430707202687314 2.5179403169737689 193 144 119 0.22365241146014586 40 60 37 65 36 57 35 103 34 111 32 112 30 121 27 105 26 87 25 84 21 75 18 63 17 34 16 46 15 42 14 38
795 2.4805060463841611 -1.6245255888861123 2.6229006549600573 200 147 127 0.25681362372278366 38 52 37 97 36 99 35 91 34 99 33 40 31 105 30 106 28 89 27 80 26 69 25 69 24 72 23 75 22 62 21 61 20 20 19 51 18 51 17 59 16 69 15 63 14 17 13 64 12 29 11 16 10 69 9 64 8 33 6 40 4 28
796 2.7690710980148459 -1.6205948020434255 2.3877390828530203 64 50 37 0.40170639200225117 39 65 37 101 32 90 31 100 30 100 29 90 28 92 24 33 22 26 20 25 19 27
797 2.4689377878812051 -1.6076151091976967 2.644946078861357 188 136 109 0.32686397960738994 38 58 37 106 36 100 35 90 34 98 32 137 31 146 30 143 29 134 28 130 27 121 26 98 25 94 24 71 23 74 22 64 21 85 20 90 19 50 17 88 16 94 15 62 14 66 13 65 12 66 11 47 10 68 9 19 8 80 7 69 6 41 5 26 4 27 3 35 2 34
798 3.2067135026451732 -2.6241445408684938 2.7478726631752055 87 71 55 0.42305197723560378 38 76 37 127 36 169
799 3.2704317402391241 -1.9991831145170758 2.4269722939232645 123 97 77 0.16706068635937399 38 128 37 140 36 139 35 123 34 84 33 81 32 76 31 85 30 24 29 20 28 18
800 2.5120148750638611 -1.1291338599465277 2.7569807309463195 217 167 143 1.1533542909216801 38 108 37 158 36 195 35 184 34 206 33 235 32 231 31 237 30 248 29 233 28 219 27 234 26 211 25 215 24 205 23 238 22 199 21 210 20 194 19 200 18 180 17 194 16 226 15 204 14 216 13 205 12 222 11 222 10 246 9 240 8 263 7 273 6 298 5 281 4 287 3 286 1 284
801 4.3825096818313538 0.67848487060401197 2.6712568731065662 151 130 104 1.1707693254662603 38 195 37 204 35 190
802 4.4137963098067186 0.77892702436992056 2.756877136972677 149 126 104 1.294615556819279 38 196 37 205 36 205 34 182
803 3.4151224392402968 -1.730163255129965 2.5312471463903048 242 187 164 0.16195722514511723 41 255 37 226 36 228
804 3.6459742871099801 -0.72994765805532547 3.4590871460848387 55 41 21 0.72733500473792723 38 264 37 264
807 2.5664468203939448 -2.3491014174313949 2.494474327983033 90 67 44 0.38385267667079215 43 145 37 274 36 296
808 2.482906709805047 -1.3824726806793315 2.4583771531131191 230 180 164 1.5778375987679554 34 270 33 257 32 249 31 259 30 269 29 261 28 240 27 252 26 244 25 245 24 232 23 244 22 227 21 232
809 1.9405799554772192 1.023950301376916 3.6351690033602702 255 255 255 0.143894173629254 38 267 37 303
810 4.3276183332788873 1.4662075364796663 3.00295954587556 146 122 98 1.3966709384073377 38 292 37 305 36 310 35 290
811 4.3262788669540191 1.4628675124314627 3.0006333331575075 146 122 98 1.5848741082445237 38 293 37 306 36 311
812 2.6172878472654575 -2.25949486261662 2.4290115757998922 234 185 160 0.64486457196526137 38 283 39 325 37 307 36 304 35 281 34 283 33 268 32 275 31 270 29 259 28 239 27 250 26 242 25 242 24 228 23 232 22 213 21 217
813 3.3357587661731705 -1.2382510721064277 2.7566184121362136 214 168 133 1.2028331760166973 38 287 37 311 36 299
814 2.5349057407537035 1.4850252530841799 2.8949058851235447 255 255 255 1.9091928974819188 38 281 37 316 36 312 35 292 34 292 33 278 32 270 31 266 36 295 30 256 29 241 29 267 28 237 28 256 26 224 26 248 25 240 24 215 24 237 23 243 22 211 22 232 21 229 20 225 19 213 18 196 17 189 16 221 15 215 14 234 13 219 12 241 11 240 9 258 10 268
815 2.8637871230798106 -0.86241118703295339 2.9010561902814289 109 77 54 0.41947213290501284 38 304 37 324 36 308 35 285 34 288 33 274
816 3.565002863315605 -1.0810397675641383 3.2659716475758609 57 35 14 1.8222409680886127 38 315 37 334 36 318 35 283 34 253
817 3.4517197266928408 -2.0446068302358151 2.7216153695814169 92 73 59 0.54278684177375702 38 328 37 350 36 350
818 2.4954253415893639 -0.76265464937164584 3.3858712281346128 255 255 255 1.0881998930608174 37 352 36 352 35 321
819 2.9235919588837138 -0.36329574793910158 3.1011684958635812 235 186 144 2.2136583608328526 36 353 35 323 34 322 33 310 32 300 29 298 28 284 27 293 26 284 25 280 24 270 23 281 22 259
820 3.727935978767746 0.22714435869062166 2.5507806529534545 239 198 154 1.7712177644891576 38 333 39 373 37 356 36 356
821 2.1410091118785259 -2.2562731634953992 2.931523887121962 0 0 0 0.67150348451838471 38 334 39 374
822 3.0234295009290055 0.67574488240451591 3.3673945188337395 13 10 8 1.5731733527551048 30 315 29 304 28 291 27 299 26 292 25 289 24 278 23 289 22 267 21 274 20 269 19 255
823 3.001203709765488 0.6699958336585019 3.3431841102219715 13 10 8 1.9198635633403907 30 314 29 303 28 290 27 298 26 291 25 288 24 277 23 288 22 266 21 273 20 268 19 254 18 243 17 254 16 279 15 277 14 287
824 2.7125111522545695 -2.3009239377232222 2.3665008407507284 147 115 89 0.23859001695808899 37 10 36 9 35 15 34 7 33 13 32 9 31 8 30 8 29 75 28 70 27 65 26 3 25 55 24 4 23 3
825 3.2754545139733877 -2.231435914173967 2.4260156842249501 98 78 57 0.17603661616482308 39 33 36 22 35 22 34 21 33 21
827 2.4928971496730905 -1.1739778163637822 2.7840248562352783 211 166 141 0.25504891515638184 37 63 36 53 35 100 34 148
828 3.5714129582830103 1.2959316422169789 2.5913909553863212 32 22 18 0.42302527527914957 40 75 36 72 33 120 32 124 30 129 27 177 26 91
829 3.019326920999986 -2.3290157051973637 2.3641197488261447 132 104 79 0.52572734949985489 37 85 36 77 35 68 34 75 33 73 32 69 29 13
830 2.3988747092275093 -1.7115213124429531 2.6621691885355223 189 142 116 0.40419332757167403 38 45 36 91 35 81 33 85 32 80 31 90 29 133 26 97 24 101 19 82 17 83 14 99 12 96 11 84 10 97 9 103 8 76 7 66 6 80 5 121 4 73 3 76 1 35
831 2.8609250270632369 -1.6349668281746688 2.3497756032282302 97 60 40 0.20088447534338699 44 130 36 94 35 85 30 103 29 93
832 3.3804870325761862 -1.6357718191062556 2.5997838996663214 123 58 41 0.28253877999569788 37 105 36 106 31 110 30 50
833 3.5231787922179203 -1.6365925403469037 2.6275816986518605 240 181 152 0.21031825241978566 37 110 36 110 35 97 34 105 33 101 32 100 31 115 30 109 29 97 28 45 27 40 26 35
835 3.5270029280229038 -1.7492535968073326 2.6536821103156836 231 168 134 1.8143406347602686 37 184 36 144 35 87
836 3.4617228901242414 -1.5375885302122414 2.6312293782898255 245 184 156 0.1870165162551678 37 187 36 188 35 173 34 171 33 167 32 171 31 178 28 137 27 134 26 109 25 109 24 81 22 75
837 3.4666534649123317 -1.5411074600756924 2.6451388145828836 245 184 156 0.1265979880651428 37 186 36 189 35 174
838 2.4537420556918907 -1.3096187235276855 2.4479217790308936 169 117 102 0.6108240899452263 37 189 36 191 35 176 34 199
839 2.4151774593560384 -0.46587481576936557 3.9304631365578375 16 12 9 0.36882397623285174 42 221 36 199 35 187 30 184 29 143 28 166 27 139
842 2.5824951904645896 -1.3445085571758499 2.4355961265129191 227 175 153 0.89838251008495917 37 233 36 233 35 220 34 201 33 199 32 212 31 213 30 210 29 168 28 161 27 158 26 108 25 75 24 80 23 36
843 3.2120057685259704 -1.911981611472481 2.4090542796782981 178 141 117 0.15116135598120795 37 248 36 255 35 246 34 228 33 226 32 226
844 3.3008938013748192 -1.5463436369240022 2.5769608062097542 239 199 165 0.09103244869863214 37 282 36 273 35 265
845 2.2044479368736956 1.3536860657910059 3.2432651658634266 9 8 6 0.40858932076421589 37 296 36 293 35 280
846 4.0385579568542047 1.3961386131168985 2.6925077218374516 255 255 255 1.508166267847459 37 336 36 321 35 288 34 282
847 4.0041489191648463 1.3769141803298695 2.5974301689949546 0 0 0 1.6765816404149276 37 337 38 319 36 322
849 2.461630802060474 -0.30045515108402859 3.6606927949178241 7 6 4 1.0677688157005807 33 309 32 298 31 309 29 296 28 282 30 307 27 290 26 282 25 278 24 267 23 278 20 261
850 2.2475126180060125 -0.81421397770285708 2.9105204950046084 255 255 255 0.96384723441886022 37 359 36 357 35 328
852 1.8901430751797592 1.19142135700315 4.1617427695519611 255 255 255 1.018374032108893 37 335 36 331 35 312
853 2.724500490102475 -2.342231081063463 2.3879441818454072 72 52 32 0.2308208718627037 37 2 35 1 34 68 33 5 32 63 31 69 30 85
854 2.3733996362165626 -1.7213309637208338 2.7027821956016709 182 137 110 1.1006245492394053 36 32 35 33 34 25 33 29 32 30 31 25 30 32 29 29 28 21 27 18 26 12 25 13 26 13 24 15 24 18 22 9 21 14 20 12 20 13 19 12 18 12 18 13 17 13 16 20 15 22 14 13 14 14 13 14 12 21 11 12 10 10 8 24 7 23 6 31 2 23
855 2.3711343868673045 -1.7209504135907865 2.706598208439817 182 137 110 0.20215711548096671 36 33 35 34 34 26 33 28 32 31 31 24 30 31 29 30 28 20 27 17 26 11 24 17 22 8 21 13 20 11 19 11 18 11 17 12 16 19 15 21 14 12 13 13 12 20 11 11 10 9 8 23 7 22 6 30 2 22
856 2.5315033884858282 -1.6637822911583424 2.4637576945193884 245 204 174 0.116516893139485 36 34 35 35 34 31 33 35 31 95 30 36 28 24
857 2.5315089969735851 -1.6637888528830858 2.463777964150152 245 204 174 0.10238113234536561 36 35 35 36 34 32 33 34 31 94 30 35 28 23 27 20
858 2.7658895185037218 -1.6688844698063401 2.3416325252829671 190 141 120 0.26745289488149709 37 38 35 38 29 27 28 25 27 23 26 18 25 15 24 22 23 14 22 12 21 19 20 15 19 16 18 16 17 20
859 2.4132529772836486 -1.6464732513223548 2.7041576251000858 82 57 40 0.51788983249546494 37 44 35 45 32 42 31 35 29 86 27 77 25 63 23 20 22 18 21 25 16 23 15 25 13 21
861 2.5290590643284547 -1.1388546183456905 2.6359156743199224 185 92 88 0.3477977193715846 36 59 35 53 34 51 33 108 32 108 31 126 30 118 29 111 28 112 27 103 25 80 24 86 23 93 22 76 21 100 20 102 19 60 18 84 17 68 16 74 15 71 14 78 13 78 12 75 11 57 8 88 7 83 6 98 5 95 4 90 3 98 2 93 1 63
862 2.7867045883007608 -2.3337616824433685 2.3526193754508231 81 61 41 0.86752064114076777 39 15 42 11 35 63 33 69 32 65 31 73
863 3.0282769068458113 -2.2777691367476378 2.3245468978760968 156 125 99 0.050443031726964245 36 81 35 71
864 2.3256197347426069 -1.7964269888756008 2.7081914284631132 209 164 143 0.92609522974503888 37 33 35 79 33 133 30 228
865 3.4490455290312156 -1.8133624393848637 2.6068004411860328 71 51 36 0.18639251030426263 36 142 37 145 35 86
867 2.7840344134437665 -1.1429597608928579 2.5181643848564668 190 144 119 0.22628100846624541 36 58 35 104 34 112 32 111 30 120 27 104 26 86 25 83 24 91 22 80 21 74 20 42 19 66 18 62 17 33 16 45 15 41 14 37
868 3.6073825098145549 1.1371260228399702 2.5647658733876368 124 94 72 0.28084165795077526 36 121 35 110 34 122 33 119 32 121 29 118 28 117
869 3.3826539932836872 -1.4641424682512034 2.6222636303166058 237 179 152 0.17131535760032096 36 152 35 138 34 142 33 139 32 103 31 116 29 101 28 105 27 96
870 3.4106693055120791 -1.4507033818921127 2.6371602249988726 187 119 92 0.13640154781138414 36 153 35 139 34 143 33 140 32 140 31 119 30 111 29 103 28 107
871 3.4106693055120791 -1.4507033818921127 2.6371602249988726 187 119 92 0.13640154781138414 36 154 35 140 34 144 33 141 32 141 31 118 30 112 29 102 28 106
874 3.511424095831492 1.3128969858867785 2.5815785504931417 32 27 23 1.6386672616065781 36 165 35 157 34 124 33 151 34 157 32 123
875 2.5299995391402383 -1.1059224235732092 2.6745551921808124 183 104 91 0.42793026173646748 36 160 35 185 33 173 32 176 31 184 30 152 31 152 29 141 28 141 27 136 26 111 25 111 24 119 23 130 22 110 21 103 20 104 19 97 18 83 17 100 16 105 15 103 14 118 13 109 12 109 11 101 10 114 9 118 8 125 7 136 6 146 5 135 4 133 3 135 2 94 1 106
876 4.0591069957177259 0.28460678873400752 2.3313627081405146 176 148 113 0.76923391775387773 36 202 35 188 34 180 36 264 33 178 32 183 31 154
877 2.1546683359116181 1.3468835190895898 3.6871332720542025 18 12 12 1.806813915722538 34 241 33 267 34 265 32 260 31 254 30 266 29 254 28 234 27 246 25 235 24 226 20 205 18 168
878 3.2905300576328482 1.4563389393991162 2.5499776202205204 17 13 14 0.45872946844182799 36 249 35 237 34 222 33 219 32 201 41 242 31 202 30 194 28 151
879 3.2982600728713098 -1.5485135460881734 2.570137974705879 238 198 164 0.83009320874064962 36 274 35 264 34 249 33 245 32 229 31 246 32 240 30 233 29 217 28 187 27 194 26 136 25 101
880 3.7506017612795222 -1.0100192070754719 3.6008484199418578 255 255 255 0.89506590711095557 36 263 37 300 35 269
881 2.3354404832520839 -1.7102506347560673 2.8796652401786691 255 255 255 0.81538325677252343 37 278 35 274 33 244 32 238
882 3.6847094851644679 -0.47642176872064851 3.040413341868287 37 32 32 0.4902172294242636 36 302 35 277 34 278 33 250 32 242 31 248 30 251 29 236
883 2.1151464679509155 1.3384215497743981 3.8583876578806082 255 255 255 1.4545255597516762 30 265 29 265 28 246 27 256 26 247 25 249 24 236 23 250 22 226 21 227 31 253 20 215 19 193 18 187
884 2.763922136557825 -0.9186299953205983 2.6811888847416516 231 180 154 1.020821602555559 36 307 35 284 34 286 33 261 32 253 31 275
885 2.4976245001988713 -1.781267188496432 2.4063968911538143 238 195 169 2.2389718500728302 36 326 37 330 35 304 34 307 33 295
886 2.5141797310442979 -1.5181254699162041 2.7213273069172903 247 199 177 1.4691438079992951 36 328 35 305
887 2.7394441478080171 -1.6636650071474639 2.3953827521163125 122 76 59 0.92559831215096877 36 340 35 313 31 298 32 289 30 296 29 287 30 290 28 272 27 277 26 269 25 268 24 255 23 267
888 2.7381304909225266 -1.6690467622891716 2.3940280204173252 122 76 59 0.22025329524185805 36 341 35 314 32 290 31 299 30 297
889 2.7943903964107033 -0.30425970067306768 3.3565440774392501 235 179 136 2.6376724273629653 36 343 37 344 35 316 32 293 31 302
890 2.0592169342012099 1.2351470196513337 3.4805199622968961 255 255 255 2.7355906179250642 38 153 36 119 35 155 38 248 37 270 34 240
891 2.6184660539551925 -2.3391852061237111 2.4429332245206004 114 86 63 0.11212549702764603 36 8 34 0 32 3 31 3 29 1
892 2.9987591807194791 -2.4000532055199617 2.4119640282268442 85 73 54 0.10731289705182821 35 8 34 5 33 10
893 2.9987591807194791 -2.4000532055199617 2.4119640282268442 85 73 54 0.10731289705182821 35 7 34 6 33 11
894 2.3871327087616754 -1.6558565262544322 2.7412479302982531 167 131 118 0.24026545874913699 35 44 34 41 33 92 32 92 31 145 30 140 29 132 28 126 27 120 26 126 25 93 24 127 23 140 22 120 21 120 20 114 19 108 18 96 17 115 16 121 15 121 14 132 13 126 12 129 11 125 10 144 9 143 8 155 7 116 6 129 5 122 4 115 3 125 2 118 1 140
895 2.4232908577859598 -1.6109395321370967 2.7023801487503838 173 121 96 0.2586056676960487 35 47 34 44 33 94 32 43 31 103 30 105 29 95 28 94 27 84 25 67 23 73 21 60 20 67 19 22 18 49 17 17 16 67 15 61 14 16 13 62 12 27 11 13 10 15 9 17 8 29 6 39 5 25 4 26 3 33 2 33 1 49
896 2.6185639031093255 -1.1487040884736426 2.5393785429494913 141 51 50 0.24668699599311808 36 55 34 52 32 110 29 112 27 102 25 82 24 88 22 79 21 102 19 63
897 4.3693699643007253 0.95627367490236193 2.7242163921997462 119 104 82 0.14380209037516184 35 108 34 64
898 4.3693699643007253 0.95627367490236193 2.7242163921997462 119 104 82 0.14380209037516184 35 109 34 65
899 2.4976976209894688 -1.57770167194092 2.5341035921079693 190 140 112 0.61799433088758704 36 101 34 169 33 163 32 170 31 210 30 206 29 192 28 195 27 206 26 190 25 190 24 199 23 214 22 187 21 201 20 186 19 178 18 175 17 177 16 201 15 198 14 191 15 184 13 182 12 199 11 195 10 217 9 193 8 209 7 213 6 233 5 173 4 172 3 176
900 2.5776797400620826 1.6009109901200147 2.8232152752042809 6 5 3 0.37885182811864054 35 202 34 185 33 221
902 2.9856947840532024 -2.483438413735223 2.4805041237490721 46 36 19 0.8284411778267069 35 240 36 218 34 189 33 153 32 157 31 207 30 133 30 200 29 153 28 71 28 153 27 144
903 4.1047070378993258 0.24779630043207418 2.3522381464788942 214 169 125 0.35617016709652422 35 254 34 210 33 177
904 2.1400264757012017 1.2082959794607342 3.1991602572505218 31 28 28 0.26681737857952148 35 193 34 215 33 213 32 222 31 225 30 243 29 224 27 216 26 198
905 2.1400264757012017 1.2082959794607342 3.1991602572505218 31 28 28 0.26681737857952148 35 194 34 216 33 214 32 221 31 224 30 244 29 223 27 215 26 197
906 2.378730896566239 -1.8275624333099185 2.8089756147642686 194 149 127 0.63578404423039558 35 210 34 229 33 228 31 230 30 227 29 209
907 2.4711338439405877 -1.5675715252240046 2.6546384391931972 229 181 154 0.34327116819798492 35 215 34 232 33 231
908 3.3890775676253857 -1.4082102079011993 2.8363986380555488 241 195 162 0.77815336816730996 35 267 36 297 34 235
910 1.8726622663961914 1.0611358078956015 4.2040979116912451 217 165 129 1.6634640554369822 36 285 34 259 33 264 32 269
911 2.8344841100043041 -1.6351223533112489 2.3513026531226768 95 62 49 0.43596956033109585 35 282 34 284 33 269 32 264 29 244 25 209 24 200 23 193 22 170
913 3.8497407162285651 -0.31156279872751769 2.7986653682271716 217 172 140 1.3773515828829399 36 201 35 152 34 118 41 329 42 339 40 307 39 282 38 243 39 305 37 265 36 242 35 228 34 179
914 2.5096415915735459 -1.3051159441849123 2.4482976880160874 69 13 9 0.17811286985561869 36 156 35 142 34 146 40 245 39 244 38 185 37 190 36 192 35 177 33 144 32 144 31 122 30 114 29 50
916 2.4211090201600256 -1.7023224407338513 2.642655298520078 194 145 119 0.30326092816173356 37 37 33 31 32 83 30 33 29 82 28 81 27 72 24 64 23 64 22 56 21 55 20 58 19 44 18 42 17 52 16 61 15 56 14 60 13 59 12 63 11 44 10 66 9 62 8 77 3 26 1 36
917 2.4208002653593219 -1.701715246862519 2.6422387782610932 194 145 119 0.22689313539290584 37 36 33 32 32 82 30 34 29 83 28 80 27 73 24 65 23 65 22 57 21 56 20 59 19 45 18 43 17 53 16 62 15 57 14 61 13 60 12 64 11 45 10 67 9 63 8 78 3 27
920 3.0759569326815313 -2.3174560676279561 2.3565105451296664 107 82 62 0.32328953875865696 34 77 33 74 31 19
921 3.4380650198929867 -1.4476510808372247 2.645068161131308 233 173 147 0.2748481068426899 34 108 33 102 32 104 31 120 30 113 29 51
922 3.3869790403871112 -1.4206120988373838 2.6336870265950383 237 182 152 0.15591834930694021 34 109 33 104 32 107 31 44 30 56 29 53 28 48
923 2.6969306663130195 -0.56425733793915489 3.8658964091211971 15 11 9 1.8616143145628183 34 114 33 112 32 181 31 219 30 236 29 221 28 224 27 243 26 235
924 3.2933122778364479 -1.9889755770949284 2.4412909862174512 97 70 51 0.20299689362738008 35 126 33 130 32 129 31 87 30 93 29 80 28 77 27 14
926 3.2052932153089793 -1.9676644715722522 2.3918153603818917 124 93 70 0.40612589121421305 37 224 33 156 31 140 30 137 29 129 28 76 27 70
927 2.3953128328883682 -1.6184710425069451 2.7371515697753521 174 124 92 0.24140176534780988 34 167 33 162 32 168 31 176 30 175 29 164 27 153 26 127 25 126 24 128 23 141 21 121 20 115 19 86 23 110 18 75 17 87 16 93 15 93 14 103 13 98 12 99 11 87 10 98 9 105 8 108 7 68 6 83 5 80 4 78 3 80 2 30 1 48
928 3.4071159235213626 -1.5336859487475385 2.6576914777169023 247 196 170 0.70053482946640311 34 196 33 166 31 177 28 136 27 133
929 3.4313884723962165 -1.7363423337279622 2.5731341860667172 242 186 163 1.0674990563730005 35 248 33 195 32 208 31 175 30 173 29 161 28 131 27 129 26 101 25 98 24 105 23 78
930 2.3244230141514843 -0.40660352853626175 3.9203082664897786 241 195 160 0.45400221675192426 34 209 33 205 32 218
931 1.8585122263174523 1.0849255410934571 4.2124922565224034 212 159 123 0.62038082114701509 35 192 33 212 31 189 30 218 26 186
932 2.7022310083448873 -1.1501861053703288 2.5142892058180455 149 61 58 0.52440296068717185 34 251 33 247 29 234 28 221 27 233 26 209 25 214 24 204 22 197 21 209 20 193 19 162 18 162 17 170 16 175 15 169 14 147
933 2.7022310083448873 -1.1501861053703288 2.5142892058180455 149 61 58 0.52440296068717185 34 252 33 248 29 235 28 220 27 232 26 210 25 213 24 203 22 198 21 208 20 192 19 161 18 161 17 169 16 174 15 168 14 146
934 2.4789755738141177 -1.3138523826362143 2.512200079783848 156 99 92 0.71127363900666229 31 274 24 234 22 228 21 233 20 219 19 208 18 199 17 204 16 235 15 225 14 240 13 232 12 248
935 2.5245721749274881 -1.1784068519852837 2.7056933073817553 109 30 26 0.5452670333200863 34 275 33 260 32 251 31 261 30 262 29 248 28 229 27 240 26 233 25 229 24 220 23 236 22 216 21 220 20 208 19 199 18 190 17 196 16 228 15 222 14 228 13 225 12 237 11 233 10 245 10 262 9 239 7 272 6 296
936 2.7793282371742367 -0.6527932181843944 3.4711309957810972 185 140 102 0.2079687054670965 34 277 33 262
937 2.5801418043656716 -0.56701458342646871 3.9561873601298858 255 255 255 1.2373165617399349 33 263 31 276 29 262 27 262 25 251 23 240 22 221
938 1.9193435885186978 1.1614761106095775 4.1334827582537335 255 255 255 1.1939681214696634 34 261 33 265 32 256 31 279 29 252 30 278
940 3.4182522315810715 -1.4609787585318263 2.6255491656511412 208 144 119 1.876420610227868 34 271 33 270 32 265 31 273 30 271 28 228 27 239 26 232 25 228 24 190 24 218 23 202
941 3.2597707075273901 -2.3840011423690108 2.509196848785733 86 69 53 0.95793268471318638 34 296 33 282 32 263 31 271 30 258
942 4.1541961636414069 0.32593956292123349 2.3990922651943114 167 140 109 1.305825017466151 34 305 33 288 32 268 31 278 30 264 29 251
943 2.8023506437610077 -1.0330812999396997 2.809348531417259 231 179 153 0.22066910465831785 34 312 33 300 32 285 31 294 30 292
944 3.093504947834377 -0.79788311297148784 2.9705188760853831 234 194 154 0.94791729340867292 34 313 33 301 32 286 31 295 30 294 29 288 28 265 27 273 26 266 25 263 24 254
945 2.3393104067944073 1.4171841120431008 3.5603381475214744 11 8 8 3.0370519932671813 36 345 33 304
946 3.7628425072859826 -1.3490542468879378 4.0056054707696935 177 138 106 0.78230053591783832 34 317 33 307
947 3.6836602093821731 -0.70414959162901614 2.9208913359306767 0 0 0 0.37229051150452636 34 321 35 322
948 3.6197212550153606 -0.23107704070913976 2.9111154661157315 9 7 4 2.0272152090896269 34 324 35 325 33 312 32 302 31 312 30 309
949 3.692533742835189 0.18380901355300203 2.4955791441259967 240 200 156 1.1032649091783062 34 325 35 326 33 313 32 299
950 3.2556019118567607 -2.2328889486890722 3.3569987539247412 231 187 162 0.8885131835346417 34 327 33 318
951 3.2556019118567607 -2.2328889486890722 3.3569987539247412 231 187 162 0.8885131835346417 34 326 33 319
952 3.8248988475826144 1.6126768299370995 2.4474423932918636 218 164 128 1.3531689551733903 40 228 39 256 36 215 41 335 40 312 39 308 35 203 34 187 33 191 42 233 43 300 44 378 45 399 46 415 37 212 32 202 31 203 30 197 29 186 27 183 25 121 25 160 24 162 23 168 21 110
953 4.3786097646835369 0.93757305647894085 2.76053662890136 130 112 92 0.35248833665311868 35 257 34 239 33 211 39 251 38 247 37 268 36 247
954 3.4936272616144901 1.652437406631855 2.6263248329257731 255 255 255 1.4045946463858667 42 374 43 395 46 465 47 432 40 356 39 349 37 328 35 302 33 292 41 358 42 359 43 382 44 414 46 448 47 418 49 436 39 332 38 296 37 319 36 316 35 295 32 274 31 280 30 275 30 282 29 257 28 248 27 249 26 240 25 239 24 227 23 229 22 212
955 2.7623004554620145 -2.4318175879026134 2.4450211109875974 83 69 49 0.11309565192598534 34 1 33 1
956 2.6659552715784258 -2.3830112859845394 2.4536999671324509 64 47 27 0.084831221107590477 33 0 32 4 31 1 30 2
957 2.6707142701394235 -2.3450931022331734 2.409507032612046 82 59 36 0.25379220564874155 33 4 32 5 31 6 30 4 29 3
958 2.7426955196052205 -2.3738086120086965 2.4012957352776936 57 40 19 0.32794409706877536 33 2 32 6 31 4 30 5
959 2.7426955196052205 -2.3738086120086965 2.4012957352776936 57 40 19 0.32794409706877536 33 3 32 7 31 5 30 6
960 2.7764985084842233 -2.3943630565177014 2.4137395878145544 80 66 48 0.14572165910348805 34 2 32 8 31 9 30 7 28 3 27 4
961 2.8929296548392807 -2.3952530074167533 2.4058271580415691 103 87 66 0.32103755609237911 35 3 32 12 31 11 30 12 29 5 28 6
962 2.945530652787312 -2.4032809143638874 2.3929020429035495 107 93 75 0.20336366075762977 33 7 32 13 31 12 30 13
963 2.9914621510874557 -2.274733303034262 2.3090073416531172 137 104 77 0.074151171689374698 33 18 32 17 30 21 29 14
964 3.0625517717967443 -2.2344095445885119 2.3243554323303797 176 138 112 0.095672778648982118 34 18 32 18 30 22
965 2.3638250216439638 -1.9151388492084642 2.8870937721451315 210 169 149 1.1772349792569861 33 25 32 23 30 25
966 2.3671562073196442 -1.7359428485301229 2.733974734994844 111 59 35 1.1953630470266523 37 93 32 29 30 30 29 24 28 79 25 12 22 6 19 10 16 17 14 10 7 20 34 24
967 2.4531764076128968 -1.6695842439171256 2.6399471353425428 98 59 47 0.19854653334084399 36 40 32 33 31 92 29 85 28 87 26 66 25 64 23 69 20 60 19 47 18 45 17 56 16 65 13 17 12 23
968 2.4591095916696242 -1.3161239844098658 2.4117080264551749 190 139 122 0.20840637579492968 33 103 32 47 30 53 29 49 28 102 27 43 25 38 23 85 22 31
969 2.7561082634464653 -0.17468343170224918 3.0881681844687843 237 191 165 0.18899173374253864 35 58 32 56 27 53 30 64 25 45
970 3.5175852155755916 -1.4958174856041722 2.6473260248948454 255 255 255 0.71641062025986202 33 142 32 142 29 169 33 168
972 1.9318667597058292 1.1206067958396102 4.0468904684193987 255 255 255 0.5314440461536214 33 183 34 213 32 190 31 223 30 239 29 180 28 173 27 174 26 158 25 154 24 159 22 144 23 162 20 141 21 150 19 126 18 121
973 4.296176407401421 1.4053232526382051 2.8878605615911144 147 124 100 0.39034647013427931 33 186 32 196 31 195
974 4.3167855138434401 1.3941126080128885 2.8590675461820725 255 255 255 0.52504912736148057 33 185 32 197 31 196
977 2.3849463822586747 -1.7708596074948468 2.5488893198923979 130 90 70 0.11043994073722722 33 255 32 248 31 257
978 3.2836314909050164 -1.0473694880385671 2.9137865719560616 221 177 139 0.55868127986720217 33 271 30 249
980 2.8361065087698845 -0.86879902906729012 3.0780624713183902 154 120 92 0.37272072461024486 33 303 32 292 31 301
983 3.5807296673330504 -0.20234301132471866 2.889884298499017 10 8 5 0.84955479644699228 33 315 32 304
984 2.4869775419843219 -0.9045835786141786 3.6237967650085392 255 255 255 1.0374430848341276 30 310 29 299 28 286 27 294 26 286 25 283 24 273 23 284 22 262
985 3.6623063264783258 -0.82366664512920562 2.7661943354012486 255 255 255 0.95664938590113091 33 317 32 306 31 315 30 311 29 300 28 287 27 295 26 287 25 284 24 274
986 2.5649797043629254 -1.5238003712554955 2.4844544122663645 110 84 68 1.5329060248385984 33 302 32 291 31 300 30 298 29 291 28 275 27 278 26 270 25 269 24 256 23 269
987 4.3819426788997058 0.94121936458204392 2.7661092539574064 132 114 92 1.2491948906259283 45 228 43 245 39 250 38 246 37 267 36 246 35 256 34 238 33 210 41 183 42 114 40 179
988 2.5572851638037006 1.4649912185981704 2.881136659640914 255 255 255 1.0102799814131116 38 201 36 213 35 235 34 219 33 217 32 200 39 289 38 252 30 192 29 183 28 177 27 181 26 165 25 162 24 164 23 171 22 149 21 191 20 144 19 169 18 149 15 152 16 150 14 161 13 157 12 170 10 183 9 226 10 229 8 188 9 180
989 1.9022297850105088 1.3736030959481575 3.5354732599088399 138 101 76 1.5323286929080124 41 312 42 272 43 294 44 315 40 286 39 286 38 249 37 294 36 290 35 272 34 267 33 252 32 262 43 177 44 153 46 174 45 225 47 88 45 291 40 133 31 264 30 267 29 256 28 235 27 248 26 238 25 225 24 213 23 231 22 184 21 194 20 181 19 173 18 169 17 156 15 177
990 2.6891193375341751 -0.5935750981281358 3.2075190597347789 183 138 101 2.3364000186568576 33 146 32 113
991 2.6127961240432716 -2.3769177427687977 2.4815159936246132 68 51 30 0.23808039839218278 32 1 31 2 30 1 29 74 27 64
992 2.8286136873156047 -2.1959909937256459 2.2769911425426201 216 167 142 0.18002976146909733 33 16 31 17 26 6 24 5
994 2.747156902866267 -1.6330320424726397 2.3948472118812192 32 17 9 0.1058613153341614 33 38 31 30 30 40 29 38 28 36 27 31 25 26 24 32 22 25 19 25
995 2.7500135426493189 -1.6181853073910786 2.3955260300935932 87 67 49 0.11155467239063961 32 36 31 31 23 25 20 23
996 2.3674954582248491 -0.44518668694791091 3.9142912045985527 221 172 144 0.42582712904637532 32 52 31 52 30 62 29 114 28 114 27 107
997 2.0696564906202792 0.14888326147088318 3.6235896094918574 24 15 10 0.21346391713776997 32 58 31 59
998 1.9629272180713577 1.3553333429582834 3.6435936743192672 197 144 113 0.13868039968040041 33 63 31 63
999 2.6080506675630906 -1.7369228546779643 2.3601633174848757 141 103 82 0.50187950024084071 32 25 31 89 25 8
1000 3.3798033642931213 -1.6343093095415855 2.5984975849113199 127 63 46 0.1624246262773216 36 107 31 111 30 51
1001 3.4032241568788946 -1.5930368684533476 2.6467950060925327 232 180 157 0.13707803259205958 32 99 31 114 30 108 29 47
1002 2.5119912586356787 -1.3060786420750745 2.4541166344877876 71 14 9 0.11105133765491489 32 145 31 123 30 115
1003 3.2718820889439342 -1.3350088317633366 2.6567164527727853 145 103 74 0.58752232623814649 33 202 31 124
1004 3.8131627054642117 -0.30631453157458099 2.7486156179617312 211 168 143 0.09437516283097723 32 150 31 129 30 124 29 59
1005 3.4910482597804169 1.2559309087571988 2.5326569538054691 29 24 22 0.68812292096323469 32 155 31 133
1006 2.4810300767238882 -1.461521294434011 2.6646862679461258 236 190 160 0.35718242540507616 32 101 31 148 30 176 29 165 28 185 27 209
1007 4.3794298885802014 0.42586048535288756 2.6329236317839437 255 255 255 0.54831406142592287 32 116 31 155 30 156
1009 2.6133062455285625 -0.87509212908189982 2.7747113907547849 132 86 65 0.25989685052700279 32 216 31 218 30 215 29 220
1010 3.4703924263876083 -1.7103099559435861 2.577349335905875 175 104 77 0.30026049325986454 32 228 31 232 30 230 29 213 28 196 27 207 26 177 25 173 24 171 23 178 22 122 21 124
1011 2.6802514647763518 -1.1960770106354031 2.4980884893168778 231 188 162 0.26414204701449767 33 246 31 235 30 234 29 218 28 202 27 212 26 196 25 193 24 191 23 203 22 178 21 185 20 174 19 145 18 139 17 150 16 173 15 136 14 145 13 110 12 78 11 60
1012 3.3284071180198271 -1.3328707890670219 2.7394281415348463 151 115 92 0.29529102290743492 32 241 31 236 30 235 29 172
1013 3.8081804513003039 1.6004455627772887 2.4629783286929379 222 169 136 0.97253449772147493 34 295 37 320 31 268 26 221 25 238 23 227 22 206 20 203 19 190 18 144 15 148
1014 3.8081804513003039 1.6004455627772887 2.4629783286929379 222 169 136 0.97253449772147493 34 294 37 321 31 269 26 220 25 237 23 228 22 207 20 204 19 191 18 145 15 149
1016 2.8650952529194882 -0.87945478710948866 2.9468851862165968 112 79 56 1.779366980542757 33 286 31 282 30 287 29 282 28 263 27 271 26 265 25 262 24 253 23 265 22 246
1017 2.8151905976622569 -0.62834320958471424 3.1293788402672797 230 188 147 0.84372755349548267 32 277 31 283 30 289 29 284 28 266 27 280 26 273 25 272
1018 2.4886885322534851 -1.5510516331584869 2.8139444716176056 239 188 153 1.589689914562715 31 288 30 286 29 278 28 273 27 279 26 271 25 270
1019 3.3455710442644255 -0.76437703441021798 2.9425129985853182 208 163 121 2.3197533122286385 33 293 31 289
1021 3.2198161088686783 -1.12901103407353 2.7835556176019267 164 132 99 1.2995838815252558 32 283 31 292 30 291 29 279 28 253 27 261
1022 3.7796799122795481 0.80964895855343089 2.5251518582699237 221 174 134 0.52960091722133618 32 294 31 304 30 300 27 281
1024 3.2451503499711123 -0.192770809474719 3.2443634133606993 32 19 13 1.69034190987962 33 52 29 64
1025 2.6753192686605569 -2.3495793761173513 2.4171827649497626 83 61 36 0.23774467447948164 31 7 30 3 29 2 28 2 27 2
1026 2.8344496387836453 -2.2677092701699371 2.3002705390730385 133 98 74 0.11207986137845227 31 16 30 20 29 12 28 11
1027 2.8167938890254893 -1.6698597122348291 2.3235960164182941 139 90 65 1.2811552600551406 32 27 30 29 27 24 26 21 25 18 24 26 22 15 20 16
1028 2.683106112470544 -1.6751007356823884 2.4199658718792518 136 92 68 0.094578551058412411 31 98 30 37 29 81 28 82 27 74 26 16 24 20
1031 2.9468183121604969 -0.15543818328904932 2.9139940558892707 29 17 14 1.0669911271017818 34 60 35 59 29 62 26 45 24 49
1032 3.5448657572000006 1.2901026720647659 2.6157078062026509 30 24 21 1.1412397038852873 31 134 30 74 28 64 40 74
1033 2.8322504329401315 -2.3862133055554664 2.3916813373753336 63 48 28 0.1800971880062936 31 71 30 86 29 78 28 5
1034 2.8322504329401315 -2.3862133055554664 2.3916813373753336 63 48 28 0.1800971880062936 31 72 30 87 29 77 28 4
1035 2.6826786851215618 -0.56158450712363428 3.7432361067552247 198 149 124 0.13353079094552742 32 114 30 122 34 115
1036 3.5633883809581088 1.2688523948324264 2.6035050944386002 82 66 54 0.74996734154281108 37 76 30 128 29 70
1037 2.48295791570875 -1.3333217100047499 2.5561499605825295 53 12 7 0.3466406287706677 31 121 30 149 29 167 28 160 27 157 26 139 25 177 24 139 23 181 22 162 21 164 20 154 19 143 18 138 17 149 16 172 15 166 14 178 13 169 12 142 11 179 10 153 9 151 8 164 7 172 6 189 5 181 4 181 3 180 2 177 1 203
1038 4.3441237953585752 0.42046037350804233 2.5935029245376562 255 255 255 0.55125313105659612 31 156 30 155 29 145
1040 3.03676556967998 -2.463355988088646 2.4592021874778562 37 28 12 0.21432867947900425 31 226 30 201
1041 4.0231874829250689 1.2125843856375123 2.4077403273577311 216 161 120 0.92608486016270408 31 192 30 220 28 171 29 203 27 172 26 48 28 62
1042 3.2211744083777378 -1.9155163454939661 2.4171403570803456 177 141 117 0.066039053655310945 31 229 30 226 29 208
1043 2.4046918283615009 -1.6741667645852936 2.694520727309214 37 23 13 0.24616475000711915 31 244 30 246 29 231 28 214 27 227 26 205 25 208 24 198 23 213 22 186 21 200 20 184 19 177 18 174 17 176 16 200 15 197 14 207 13 197 12 214 11 213 10 235 9 206 8 228 7 232 6 255 5 239 4 246 3 227 2 223 1 251
1044 2.56328475948539 -0.51860131986847746 3.5800765689905663 11 7 5 1.0455296043167692 31 262 30 250
1047 2.2124915451185014 0.29882966182072751 3.7999119953145302 12 9 7 1.6309181842316214 31 303 30 299 29 292 28 276 27 285 24 263
1050 3.5359470344443786 -0.19805868004459748 2.798786446239645 9 8 5 1.8110902895053842 33 314 32 303 30 308 31 311 29 297 28 283 27 291 26 283 31 313
1051 2.5879938900086334 1.6224806820508373 2.8781002482981508 6 5 3 0.4574719179822504 32 204 31 205 30 198 35 201 34 186 33 222 29 188 28 182 26 167 25 166 27 185 24 167 22 151 21 153 19 133 18 124 17 140 16 154 15 155 14 168 11 112 10 188 8 192 6 219 5 206
1052 1.9314014558659025 1.1191887191151941 4.0515903962949418 255 255 255 1.1452485934292265 33 182 34 214 32 189 31 222 30 240 34 262 35 232 31 251 29 179 28 172 27 173 26 157 25 153 24 158 23 161 22 143 20 140 21 149 19 127 18 120 15 147 13 46 12 165 14 160 14 49 11 159 10 180
1053 2.5323823155215508 -2.3583553278255893 2.5533705703017668 124 98 74 0.30264421778072875 30 0 29 0 28 0 27 0
1054 2.3684086099298285 -1.6905877203316637 2.8101667723490138 84 59 46 0.2666958465001758 31 26 29 31 28 28 27 76 26 23 24 66 23 16 22 59 20 56 18 40 11 82 7 114 5 76 1 34
1055 2.369140445221003 -1.6915700102994797 2.8111435797809481 84 59 46 0.25599128578081909 31 27 29 32 28 29 26 24 24 67 23 17 22 60 18 41 11 83
1056 2.7588742479559065 -1.5907843630372338 2.4028105181922594 183 138 117 0.055607492529217019 30 47 29 39 28 39
1058 1.9051360764113583 1.3559850517724001 3.6448247889715635 196 139 109 0.39300899261767686 30 77 29 72 28 65 27 60 26 50 25 87 24 56 23 55 22 50 21 47 19 39 18 37 17 47
1059 3.3844445627567992 -1.4662626277588451 2.6246944514409387 240 181 153 0.12899873778434992 31 117 29 100 28 104 27 95 26 78 25 77 24 83 23 39 22 40
1061 2.1252391409621647 1.2743316448151489 3.654583759363049 38 31 29 1.4930777407830789 30 72 29 123 28 150 26 122
1062 2.4527854062191961 -1.4349448391717976 2.5437117230319854 188 137 118 0.40976659007353533 30 207 29 193 28 198 27 229 26 206 25 211 24 202 23 216 22 193 21 204
1063 2.4619426861868665 -1.4391259292291378 2.5541292025794498 188 137 118 0.49612575778807899 30 208 29 194 28 199 27 230 26 207 25 210 24 201 23 215 22 192 21 203 20 189 19 180 18 177 17 163 16 181 15 186 14 192 13 184 12 201 11 196 10 218 9 210 8 234 7 238 6 236
1064 3.6390679585193499 -0.4793035713526001 2.9826605009172371 36 31 28 1.115659710865393 30 183 29 200 28 165 26 185 25 149
1065 4.0542224253556443 1.2224815159526323 2.4368263886421557 216 161 120 0.78960825264338752 31 62 29 202 28 170 27 171
1067 4.0468053205418704 1.2025370504911213 2.4531922415214291 219 164 123 1.1939954188223521 30 253 29 238 26 218 28 245
1068 2.5518005069590264 1.4859780395277153 2.9042606298222782 255 255 255 1.2938073317520353 30 257 29 240 28 238 26 225 26 249 25 241 24 214 24 238 23 242 22 210 22 233 21 228 20 224 19 214 18 195 17 190 16 220 15 214 14 235 13 218 12 242 11 241 10 269 9 257 8 292 7 299
1069 2.9576078227468545 -2.2108846896679633 2.2955956966425344 199 160 132 0.73248424841298154 31 272 29 242 28 209 26 188 25 123
1070 3.1120348372593907 -1.4613776014438422 2.4664530596506831 190 147 117 0.50926387241791948 30 270 29 245 28 227
1071 2.5217001822327658 -1.1774175486219896 2.7049909126299618 100 28 24 0.48241594238543556 30 263 29 249 28 230 27 241 26 234 25 230 24 221 23 237 22 217 21 221 20 209 19 198 18 191 17 195 16 227 15 221 14 227 13 224 12 236 11 232 10 244 10 261 9 238 7 271 6 295
1072 1.9134534475000644 1.0379538103800448 4.4198328691518594 204 152 115 1.8502649107185336 30 277 31 285 29 272 28 254 27 264 29 264 26 256 25 264
1073 2.8367970855356952 -2.1561701055627376 2.7512053241624739 246 202 179 1.0991915511818091 30 306 29 295 28 281 27 289 26 280 25 276
1074 3.6146766618947241 -0.2312091240807467 2.9033330050872057 0 0 0 0.80737064626466004 33 311 32 301
1075 2.6256196858096654 -0.44327425321725211 3.4929562509240997 227 183 143 1.7335440968753184 30 276 29 263 32 267 31 277 30 274 28 243 27 255 26 246 25 254 24 245 22 239 21 241 19 224
1076 3.2870935654876878 -2.1414184212926615 3.2685881718942311 166 123 99 1.7788039015862769 30 312 29 301 28 288
1077 3.2870935654876878 -2.1414184212926615 3.2685881718942311 166 123 99 1.7788039015862769 30 313 29 302 28 289
1078 2.8241863571537786 -2.2766735054754306 2.3124484349318886 155 120 95 0.15355901006463307 29 10 28 9 27 8 26 4
1079 2.3258992004899848 -1.7611924866487709 2.7996236375969072 197 156 137 0.33788771996719097 29 23 28 19 26 96
1080 2.3701268181669368 -1.7365423506269013 2.7848436727598589 121 73 50 1.1207511708059321 34 90 28 27 27 16 25 11
1081 2.7133881223450849 -0.19321335162156716 3.1405532908910736 232 185 160 1.1232091557670525 31 53 34 58 29 61 27 52 26 43 28 54
1082 2.9953276889903671 -0.16643557084725707 2.9047506697472785 28 17 13 0.22167246234817806 29 63 28 55 27 56
1083 2.6134727001743108 -1.795218206445528 3.4702806411031086 176 100 79 0.58540012044619516 29 46 28 97 27 128 26 133 24 170 23 177 22 158
1084 2.5624483862572141 -1.0672723728693414 2.6225917049978964 183 138 118 0.2716932291469662 31 49 28 113 27 49 31 48 26 85 25 42 24 92 22 81 21 76 20 45 19 67 18 64 17 37 16 79 15 79 14 86 13 83 12 80 11 63 10 35 9 38 8 50 7 41 6 61 5 37
1085 2.5175104097140197 -2.3426868968698495 2.5638209693509064 138 104 78 0.45356938522368079 29 126 28 123 26 92 25 90 24 58 23 57 22 51 21 49 20 52 19 40 18 0 17 2 16 2
1086 2.6496649668021526 -1.3672911194921991 2.4735608810724465 208 150 127 0.33424012473981796 29 139 28 134 27 92
1087 3.3144678540314279 -1.437671070619001 2.6134620138852589 239 192 159 0.1949377451419235 29 198 28 162 27 159 26 142 25 142 24 144
1088 3.2998885901261685 1.4565196089330905 2.549040113157067 15 11 12 0.3261722097132923 29 226 28 190 27 200 26 187 25 159
1089 2.3253391013573808 -1.8933583047882576 2.7384014686611913 223 180 158 1.2100181615569323 29 206 30 224 28 212 27 237 26 201 25 204
1090 3.3838928755614588 -1.7655334926254542 2.558672317778417 107 77 57 1.4672618618162154 29 232 28 215 27 228 26 175 25 130 24 132
1091 2.7697128630346048 -1.0441435232924372 2.9164880484761233 239 187 160 0.2956490896947348 29 281 28 262
1092 3.9782775712615908 -0.15566084247497516 2.5291209346491956 230 183 141 1.01357200489257 29 285 28 267 27 274 26 267 25 255 24 246 23 258 22 241 21 243
1093 3.6699211609108429 0.13709366941886197 2.4854855878206874 240 201 158 2.0206424635177345 30 305 31 310 28 280 27 284 26 277
1095 3.3204150677768207 -1.3757591093565125 2.6892088565658003 235 191 159 0.71722727885952853 30 116 29 104 28 140 33 234 32 214 31 215 30 179 27 100
1096 2.375309354211923 -1.7088353894967927 2.7172890889603405 92 54 43 0.44635303536965054 34 27 27 19 26 14 23 10 17 11 15 20 4 24
1098 2.8890630536237039 -2.1348659940440524 2.2692297146359248 198 147 119 0.19843973494380679 28 73 27 68 26 58 25 4 24 7
1099 2.6240393679197096 -1.6240676021228819 3.4370964146547061 210 150 132 0.51204566075577007 28 98 27 86 26 75 25 73 24 79 23 84 22 70 21 66 20 73 19 57 18 56 17 92 16 97 15 69 13 72 12 73
1100 2.6073666689640325 -1.5776070279861549 3.3773333408197472 211 152 129 0.51642783724068897 28 99 27 87 26 103 24 111 23 121 22 101 21 95 20 96 19 58 17 63 15 37 11 52
1102 2.4945448469090916 -1.3096984031510093 2.5452342274966626 152 103 94 0.31515632187872306 28 108 27 90 26 107 25 107 24 113 23 124 22 103 21 97 20 100 18 81 17 97 16 102 15 99 14 112 13 107 12 107 11 97 10 109 9 112 8 117 7 129 6 141 5 131 4 128 3 132 2 131 1 148
1103 2.1354277875286298 1.1714708336760025 3.8910854650736231 54 41 33 0.75317950565317771 28 63 27 109 26 120 24 160 23 186 22 167 21 168 20 176 19 165 18 165 17 172 16 194 15 212 16 218 14 222 13 215 12 232 11 228 10 254 9 254 8 270 7 281 6 279 5 233 4 233 3 244 2 199 1 224
1104 2.6022301077611507 -1.8010681728634252 3.4025030833140497 216 165 142 0.36723583587640229 28 129 27 127 26 134 25 131
1105 3.5060948621648795 -1.5875046868993707 2.6244538329906351 213 134 107 0.74751070241168827 28 159 27 154 24 82 23 89
1106 2.6150546790241656 -1.618775111804337 3.3738650421810341 144 75 54 0.23483873639744912 28 132 27 155 26 179
1107 3.2617235547436327 -1.3491982389517285 2.6093037047480685 239 194 162 1.3800776926374618 28 163 27 162 26 145 25 143 24 118 23 92
1108 2.0648412335120723 0.75021270695534548 3.8290889652029834 131 102 79 0.4498927078192298 27 168 26 154 19 123
1109 2.0782543636395618 0.83530173582936873 3.8356884379110188 6 4 2 1.3229434036281573 27 169 21 79 19 124 18 116 9 173 8 179 7 188 6 209 3 195 2 193 20 83
1110 2.5863287368990835 1.6220743748583097 2.8776182990406922 6 5 3 0.43169538816749792 28 183 27 186 26 168 30 199 25 167 24 166 29 189 22 152 21 154 19 134 18 125 17 139 16 155 15 156 14 169 11 111 10 189 8 193 6 220 5 207
1111 2.7327680905826575 -0.85060006361015283 2.6663791383765911 152 107 83 0.10946469500631564 36 64 24 93
1112 2.5494489522102839 -2.4085222606896277 2.6703700889259032 78 57 38 0.34358882099571975 32 235 27 220
1113 2.4042811947156761 -2.2920623931202568 2.8156738147128957 158 123 98 0.74215804205731972 30 203 27 221 26 199
1114 2.6400028764026722 -1.5102615139548647 3.4052768948221659 196 136 121 0.41500155798469129 28 217 27 231 26 208 25 212 24 219 23 217 22 194 21 205 20 190 19 182 18 179
1115 2.6419817595417152 -2.2640132445651733 2.4526540343977854 239 193 165 0.13127353941634376 28 251 27 258 26 250
1116 2.9284323728177233 -1.8978488184307523 2.3134113331601203 228 184 158 0.91792334068924397 27 267 26 252
1117 2.6473934465888442 -1.0155714979457928 2.7506326682140019 236 184 158 1.9700953798494827 28 261 29 280 27 270 26 263 25 260 24 251 23 263 22 244 21 250 20 243 19 233 18 217 17 227 16 254 15 251
1118 2.4624389618413129 -0.36300067519357659 3.9058877908264815 0 0 0 2.6017912748040222 37 343 38 316 39 359
1119 2.4210353305227437 -1.6313302266050447 2.6979367048062817 185 142 121 1.7303319126275782 37 45 35 46 34 97 31 36 30 46 28 30 27 78 37 96 35 88 34 42 33 93 32 93 31 104 30 104 29 42 28 85 26 64 25 66 24 69 23 19 23 72 22 61 21 58 20 19 20 65 19 21 19 48 18 18 17 16 17 58 16 24 16 68 15 26 15 60 13 22 13 61 10 14 8 28 7 26
1120 1.8749182079724125 1.3674355997365024 3.6923415994590045 255 255 255 1.7174763303387228 33 216 29 225 28 207 34 242 27 217 39 252 37 269 36 289 34 264 33 251 32 246 31 255 29 239 26 222 25 223
1121 2.7066338461969148 -1.6133917901442252 2.4493764023854872 139 93 75 0.16568426415342086 28 37 26 28 25 24 23 24 22 23 21 29 20 22 19 24
1122 2.8685198401328758 -1.6464405813250984 2.3414154345445497 191 143 116 0.15635454001081678 27 34 26 33 24 35 23 29 22 28
1124 2.488064881679227 -1.3154648858080271 2.5818401086915355 163 123 105 0.53625851380887146 27 42 26 38 25 36 6 49 5 31 4 36
1126 2.1564847420031921 0.0033401732394886287 3.6845266427883892 26 14 10 0.64982747964306331 27 57 26 46 25 48
1127 4.0572904732262094 1.2280516573827405 2.4300616030349729 218 161 122 0.025812983741648785 28 61 26 49
1128 2.4742182787081579 -1.3160007624151859 2.49934235552145 66 6 5 0.18466903146622449 27 44 26 76 25 106 24 114 23 123 22 104 21 130 20 125 18 106
1130 3.4016454731995842 -1.71692742202802 2.5480269657545405 241 188 164 0.32241803799845786 27 130 26 102 25 99 24 106 23 79 22 69
1132 2.4536043224037356 -1.3476474290663294 2.5185970904725949 179 132 121 0.38423896046499217 28 101 26 106 25 105 24 138
1133 2.6653359009616393 -1.5969435284104261 2.4709798383547521 217 171 142 0.26023189244511236 27 150 26 129 25 127 24 103 25 96 23 112 22 65
1134 2.4807370458532154 -1.3600723438950253 2.633320106803295 165 115 93 0.26201439905150986 27 131 26 138 25 135 24 176 23 179 22 161 21 163 20 173 19 160 18 158 17 167 16 185 15 189 14 197 13 186 12 203 11 199 10 220 9 215 8 241 7 244 6 266 5 249 4 256 3 262 2 228 1 256
1135 2.1259930247906174 1.2102504491848978 3.8541307922891535 54 41 33 1.058447367414747 27 142 26 159 25 155 24 180 23 187 22 179 19 189 7 258 6 280 4 237 3 245
1136 3.5848213038934955 1.3575328895165746 2.5765109048593051 114 90 70 0.42053930862601979 27 178 26 160 25 156
1137 2.0813458941443344 1.2532407012330624 3.5299237081496511 36 30 28 0.45332784043479352 28 149 26 162 25 183 24 181 23 188 22 168 21 189 20 177 19 166 18 166 17 173 16 195 15 195 14 204 13 193 12 211 11 206 10 226 9 223 8 253 6 282 5 266 4 265 3 269 2 268 2 291 1 287
1138 2.6155803391735502 -1.8472584079022167 3.4454183072219209 159 83 61 0.8250585626960244 27 191 26 176 25 171 24 186 23 195 22 172 21 177 20 169 19 156 18 155 17 161 16 164 15 123
1139 2.6242543183631115 -1.5845865243603889 3.452496448555598 197 130 109 0.44285418000171772 27 156 26 181 25 176 24 175 23 201 22 177 21 183 19 181 18 178
1140 2.8880531501167783 -0.90703203597452819 2.6679171774112578 167 129 101 0.20717897001314464 27 242 26 213 25 196
1142 2.2917829199977482 1.3654559835311963 2.8726778184420088 13 10 8 1.1796334156157877 33 187 26 223
1143 2.3669569683568263 -1.8477823718749218 2.5560555830974896 242 199 176 0.25868117944828001 27 238 26 230 25 227 24 216 23 233 22 215 21 218 19 195 18 188 17 193 14 225 10 233 9 228
1144 3.8984489838772181 1.2723767847160219 2.4303320068865353 255 255 255 0.83158693763373881 28 233 26 236 25 218 23 225 21 213 20 202 19 188 16 146
1145 3.8875664137304407 1.2724538000457548 2.4231469432144013 255 255 255 0.3066929821460288 28 232 26 237 25 219 23 224 21 214
1146 3.4447523932772817 1.5311135304544663 2.5198893374917173 0 0 0 1.66766016422134 27 236 28 247
1147 2.3931601545559666 -1.6889274287831815 2.7217302171045819 71 54 42 0.25340779218329779 27 260 26 254 24 239 21 238 20 229 17 210 16 244 15 237 13 244 12 255 10 278
1148 2.6584480545586264 -0.51064176367335756 3.8133504927753048 6 4 2 0.80165891436112069 27 263 26 255 25 247 25 252 24 243 23 256 22 238
1149 3.031033385038064 -1.6011141436156069 2.5084141327480585 234 183 149 1.1193162429137256 27 268 26 260 24 249 23 254
1150 2.5464335354928296 -1.570890862461306 3.2530334161504686 171 105 85 1.26015174396591 27 269 26 272 25 271 24 261
1151 2.3973891183641154 -1.707054544143938 2.6371036897370139 154 109 84 1.1737290820003232 26 274 25 273 24 260 23 272 22 251 21 257 20 251 19 237 18 226 17 236 16 263 15 260 14 270 13 269 12 286 11 278 10 306 9 296 8 316 7 336 6 376 5 348 4 351 3 349 4 345 2 344 1 361 27 288
1152 2.9231372564311533 -1.1057191113790077 3.0815773776010777 228 177 150 1.7677878831517728 26 285 25 281 24 271 23 282 22 261 20 264 19 250 18 239
1153 2.9341722742283922 0.69552337917058371 3.0950360461514359 0 0 0 1.9126209234488889 35 330 36 360 37 363 38 339 34 329
1154 2.9341722742283922 0.69552337917058371 3.0950360461514359 0 0 0 1.9126209234488889 35 329 36 359 37 362 34 328 38 338
1155 2.5316208326221039 -1.621038438232334 2.4762516346146755 245 202 174 1.1627057622344812 31 258 30 260 29 243 28 226 26 243 24 240 23 252 22 234 21 230 20 216 19 205 18 198 17 203 16 225 9 231
1156 2.5572878526976797 -2.3116085003751143 2.4767253650619132 145 108 83 0.40564022893528257 26 1 25 1 24 0 23 1 22 52 21 51 19 1 18 2 17 3 16 3
1158 2.3975264530874716 -1.6564093568043539 2.7214641732990206 84 62 49 0.29007757888232671 27 26 25 20 23 18 20 18 19 13 13 15 26 63
1159 2.6322132009201629 -1.6776935295653841 3.4365580818298866 162 106 83 0.44337786849353605 27 39 25 31 24 37 23 81 20 34 19 55 18 25 16 72 14 27 13 29 12 34 11 20 10 20
1161 2.6159721534493361 -1.1365880312031675 2.5482571696000464 207 108 106 0.091309267328215357 29 54 25 40 20 41 17 31 16 43
1162 2.1402970830063528 1.3132121529834306 3.9501842139752434 255 255 255 0.18544104339844081 27 58 25 53 24 55
1164 2.3706391503488291 -1.6989426006070831 2.756437935445391 77 46 34 0.45959374536408271 28 84 25 62 11 43 12 19 10 65 9 61 3 25 2 21
1165 2.7265113088912494 -1.5760228409496002 2.4299000166920868 178 126 98 0.22058494536281614 31 106 25 70 22 67 20 68 19 29 18 22 17 24 16 36 14 25
1167 2.6334062263576969 -1.6570072546295298 3.4900656534407317 206 135 116 1.7344348874386371 26 74 25 102 24 110 23 120 22 98 21 92 20 122 19 115 17 120 15 128
1169 2.601652968579605 -1.0796738171028348 2.5640318232581838 183 106 93 0.19422496569568215 30 181 25 147 24 146 23 183 21 137 20 132 19 119 18 112
1170 2.078644211422743 1.2528286902264982 3.5280979598730089 36 31 29 0.086713290280569955 26 163 25 184 24 182
1171 2.9893037754310514 -2.1159976076495779 2.2928671453608738 224 185 158 0.43319081603419135 26 200 25 186 24 168
1172 2.7416844235038949 -0.90343970439470056 2.6085366448311063 229 177 153 0.39482768542553276 26 212 25 195 24 193 23 204 22 166
1173 2.3404504357814431 -1.79335167945829 2.7373514511320911 212 166 145 0.070361943134078161 26 203 25 205 24 195
1175 3.7399580661381133 -0.17827828926697886 2.6306357300229535 233 190 150 0.3860633212424367 28 231 25 231 24 224 23 222
1177 2.7342952293045095 -1.1392536785797645 3.2399179479004889 159 115 87 1.503632563029581 26 262 25 259 24 250 23 270
1178 2.8394318283832067 -1.4703560995919589 2.532697802330762 241 191 167 1.1529660212627986 26 275 27 282 25 274
1179 3.1746181372674389 -2.0194861654850325 3.1724984075561284 162 121 97 1.6307753722222564 26 288 25 285 24 275 23 286 22 264 21 271 6 390 5 358 4 359 3 367 2 360 1 376
1180 3.2056360124236583 -2.0441111442798459 3.1990914788531328 162 121 97 1.6842844961920849 26 289 27 296 25 286 24 276 23 287 22 265 21 272
1181 2.403846632869624 -2.2705645530299496 2.7317841017176447 201 154 129 0.11964257722595856 25 2 24 3 21 5 20 4
1182 2.7532342306601474 -1.6825581820635354 2.344869348267792 137 90 64 0.036365465812735032 27 22 24 21 23 13
1183 2.5214572300976434 -1.1417119689451589 2.6481924274386692 187 97 92 0.20823167687909858 27 48 24 45 23 44 21 39 17 30 12 42
1184 3.5765593327561005 0.029878077180673483 2.5687825050301698 37 31 28 0.089982270289180641 25 47 24 51
1186 1.896717260285649 1.3528434636824984 3.6334725420521474 197 140 110 0.21650811025376396 25 88 26 51 24 57 23 56 21 48
1187 2.6305578991266363 -1.7387212099961384 2.3365119548060411 121 83 63 0.18841280126958027 25 60 24 61 23 61 20 10 19 9
1189 3.4905979469216728 -1.5047756464784197 2.6409523642818509 217 144 120 0.37308851164453061 26 110 24 84 22 39 21 38
1190 3.6100327606447529 1.1382169981641439 2.5647548570737722 123 94 72 0.16507160962963308 25 51 32 191 24 95
1191 2.3767874232186053 -2.0343932831550289 2.9764223392505484 176 139 116 0.018359500639841778 25 92 24 98
1192 2.1101138445733407 1.2627886011140221 3.765988089176477 50 75 41 0.31308239308461283 25 120 24 121 23 165 24 161 22 147 21 152 20 160 19 151 18 147 17 154 16 177 15 175 14 203 13 192 12 210 11 209 10 228 9 225 8 255 7 259 6 281 5 265 4 264 3 274 2 241 1 265
1193 2.5987131226170197 -1.5816861655558601 3.3282526641861674 162 93 70 0.2911017043575751 25 133 24 134 23 146 22 126 21 160 20 152 19 141 18 135
1194 2.6026607969156497 -1.5896959162183715 3.3323413159905755 162 93 70 1.0788329067911264 25 134 24 135 23 147 22 127 21 161 20 151 19 140 18 134 17 165 16 182 15 187 14 193 13 183 12 219 11 219
1195 2.6210163280743832 -1.4713383971363372 3.294163505956536 212 157 136 0.18838674816022002 25 140 24 143 23 150
1196 3.3726515988207089 -0.79819105709969307 2.9473631120930595 207 162 120 0.45331873129610956 25 148 24 149 23 152
1197 3.9707249058736274 -0.29777143286661045 2.7735327521775859 226 179 140 0.22086647106268922 25 151 24 151
1199 2.7249431103832662 -1.7219418222202412 2.3136179391218441 199 153 126 0.72997237386123048 25 188 24 185 23 191 22 169 21 173 20 168 19 155 18 154 17 160 16 163 15 160 14 171 13 127 12 97 11 46 10 18 9 20 8 34
1200 2.6157862206398201 -1.7753066611554906 3.4043729471373054 224 173 147 0.27368867805027297 27 192 24 187 23 196 22 174 21 179 25 172
1201 2.8157474792883317 -0.43872288217826949 3.2078745012248846 219 168 128 0.23820369759619431 26 216 24 208 23 220 21 212 19 186 18 184 17 187 16 214 15 210 14 220 13 211 12 228
1202 2.4516013911723293 -0.44212479056951853 3.9171577451673607 20 15 13 1.5649985201340459 25 248 24 223 23 221 23 249 22 222
1203 2.6288608505976025 -1.6385268885932174 3.4219754310583883 159 95 74 1.0644777909435974 25 246 24 233 23 245 21 239 20 231 19 220 18 206 17 225 16 247 15 248
1204 3.768437940797134 -0.4550315698806961 2.8834194279720413 255 255 255 0.21454030477511743 25 253 24 244
1205 2.9548589669990282 -0.38232567493827435 3.1455702232160632 233 185 143 1.5702259316011629 25 277 24 266 23 277 22 257 21 265 20 259 19 247 18 236 17 246 16 274 15 272
1206 2.451321345095232 -0.33153174351920817 3.6290370041058173 0 0 0 0.6110705016552237 34 318 35 315 36 342
1207 2.9396858107003867 -1.10858208278901 3.0912026835038424 227 178 152 1.5054298722824677 25 282 24 272 23 283 22 260 20 263 19 249 18 238
1208 2.6746036642919662 -1.64314784660554 2.4419597594803335 183 136 113 1.5252818943709026 33 87 30 38 29 35 28 32 27 28 26 26 25 22 24 29 41 48 44 63 40 43 39 61 38 53 37 48 36 44 35 37 34 34 33 36 32 34 29 34 28 33 21 17 21 26
1209 2.5502503931872025 -1.2993612831187511 2.4820117872620582 228 177 163 0.52138733714026841 27 132 25 108 24 115 45 264 41 218 42 203 43 220 44 240 46 222 48 219 47 191 49 214 50 151 40 205 39 202 38 186 37 193 36 194 35 178 34 172 33 169 32 173 31 179 30 178 29 170 27 160 25 139 23 86 23 148 22 74 22 129 21 35
1210 4.0303357743194104 1.2021210272189173 2.4401378083457743 221 165 126 1.0485189115048557 28 244 25 233 24 209 29 237 26 217 23 223 27 244 22 205 20 200 18 164
1211 2.5638386204223549 -2.3463632222814996 2.5022065899478747 90 65 44 0.19887776261895851 24 59 23 0 20 1
1212 2.3274225261842645 -1.8364096419902836 2.8625017528473484 193 155 132 0.6709182266409317 24 11 23 6 22 54 24 10 21 54 19 81 17 82 16 89 15 90 14 97 13 94 12 95 11 80 10 95 9 102 8 106 7 113 6 126 5 118 4 113 3 120 1 137
1213 2.666298932147293 -1.649238463054743 3.3993240020714901 202 143 120 0.30189695390487914 24 41 23 32 22 100 21 93 20 94 19 89 18 77 17 93 16 99 15 97 14 109 13 105 12 105 11 95 10 107 9 71 8 83 7 70 6 44 5 28
1214 2.4887481543334418 -1.2981672087412446 2.4967592158295826 153 97 87 0.27323888131003121 25 37 23 34 22 34 21 67 20 75 19 33 18 58 17 64 16 73 15 70 14 74 13 31 12 37 11 22 10 75 9 29 8 42 7 34 6 54 5 32 4 37 2 42
1215 2.4442612029812105 -1.6902649253844206 2.6336063928681726 178 133 113 0.1275145475713319 34 30 23 66
1216 2.4442612029812105 -1.6902649253844206 2.6336063928681726 178 133 113 0.1275145475713319 34 29 23 67
1217 2.4303970675336672 -1.6563713458388933 2.6851362755025723 83 66 51 0.097677932445359605 24 68 23 71 16 63
1218 2.3816972802184111 -2.1068744840696674 2.9772766915967215 175 137 116 0.35158098625494111 24 60 23 107 22 86 21 80 20 86 19 79 18 93 17 113 15 120 10 197 7 206
1219 2.48188398081626 -1.9176501104031924 3.1771918381183437 132 104 84 0.25487524339178835 24 100 23 109 22 119 21 118 20 110 19 138 18 129 17 144 16 161 15 159 14 170 13 162 12 177 11 172 10 214 9 205 8 227 7 230 6 253 5 218 4 243 3 221 2 217 1 246
1220 2.6444806988955625 -1.7637215260626586 3.5069967725527311 191 119 98 1.2151883851982523 24 107 23 116 21 125 23 143
1221 2.6412152705626091 -1.7231631527358358 3.3527726889868226 99 41 25 0.18069030325220919 24 77 23 118 22 94 21 127 20 119 19 112 18 132 17 145 16 168
1222 2.3728065946298837 -2.1100089015659624 2.9346357503192055 155 115 91 0.16774571639481151 24 97 23 138 21 116
1223 2.6668827534481037 -0.56163283387068053 3.7852047821073431 13 9 8 0.27017162054825522 24 150 23 153 20 138 17 130
1224 3.9067210352329065 -0.27996214156457339 2.6877503881388409 224 177 137 1.0435784796308589 24 152 25 198 23 154 22 137 21 142 20 139
1225 2.1028779941199005 1.3105632898390587 3.8943886803158745 255 255 255 1.087318198529573 26 161 23 167 21 151 20 142 14 93
1226 2.6146786668932371 -1.7672538571229324 3.402708997548729 225 173 147 0.45325518302867529 24 188 23 197 22 173 21 178 20 170 19 179 20 188 18 176 17 179 16 203 15 200 14 211 13 199 12 217 11 217 10 239 9 233 8 258 7 261 6 284 5 271 4 275 3 276 2 274 1 295
1227 2.7740679430794182 -1.0576024854615236 3.2644423075574367 196 150 113 0.8552021151509841 24 206 23 218 22 220 21 223 20 211 18 200
1228 3.0469818248688232 -1.6417791734194827 2.4390127895874363 230 182 147 0.44355898160521157 24 231 25 244 23 235 22 189 21 180
1229 2.0058138874370455 1.2483294676066441 3.9320392736150422 184 142 117 1.3008973819695278 24 225 23 241 22 225 21 226 20 213 19 204 18 193 17 200 16 219 15 213 14 202 13 177
1230 2.5458673507879661 -1.6275361857417769 2.4816252721563448 246 201 176 1.0145301322804943 24 241 23 253 22 235 21 231 20 217 19 206 18 197 17 202 16 224 15 219 14 226 13 222 12 216 11 216 10 238 9 230
1231 3.2715898174612454 1.6288856259273328 2.640592864425396 10 8 6 1.6267219076679238 23 260 22 231 21 244 20 226 19 215 18 204 17 209 16 234 15 234
1233 3.5201327030551357 -0.14569351422047427 2.8029599221381671 9 7 4 1.3842241079729036 24 268 25 279 23 279 22 258 21 266 20 260 19 248 18 234 17 239 16 269 15 266 14 274 13 272 12 290
1234 2.7166814202351559 -2.005064672361343 3.1549930938782951 198 154 136 1.7006947884974011 24 269 23 280
1235 2.6224460398888261 -1.6870889218508582 3.4872596932474726 199 126 105 1.8597784235713992 27 41 25 33 23 80 27 38 26 36 25 72 21 91 20 93 16 126
1236 3.3574346262252397 1.54923145102083 2.5878816130938018 60 58 59 0.5329273819999254 28 152 25 89 23 53 35 200 32 223 29 185 28 179
1237 2.4038609574423604 -1.7136576713707283 2.6333667300107524 103 59 40 1.6388700846663393 29 26 25 14 24 19 23 63 38 44 37 35 34 28 33 30 29 25 28 22 26 15 25 61 24 16 22 55 21 15 20 14 20 57 19 14 19 43 18 15 17 54 15 23 13 16 12 22 12 62 10 11 9 16 8 25
1238 3.8307165999409052 1.6183433009073944 2.4515323109967468 218 165 128 0.75525545016669815 25 161 24 163 23 169 41 334 42 234 43 301 44 274 46 311 40 229 39 257 37 213 36 216 35 204 34 188 33 190 32 203 31 204 30 196 29 187 27 184 25 122 21 111
1239 2.3545507951426385 -1.7051566585673767 2.7663981936571806 138 97 75 0.59798803843826787 24 14 22 7 21 12 18 10 11 10 16 16
1240 2.564446922364692 -1.828274045374374 3.3640793544017322 141 72 53 0.40910467676857393 23 31 22 17 21 24 19 17 18 17 16 22
1241 2.8274285077774124 -0.14157502464952598 2.8928045215632894 25 16 14 1.4175558670789123 27 55 37 69 22 43 20 47
1242 2.5040521689613238 -1.2960572573420177 2.4732966690896392 140 77 67 0.34091308466305537 23 127 22 73 21 68 20 37
1243 2.3804193463635448 -2.0345216047151098 2.9851668732036196 174 137 114 0.36004634891920401 23 108 22 87 21 82 20 88 19 80 18 73 17 80 16 87 15 89 14 55 13 91 12 93 11 79 10 93 9 55 8 65 7 61 6 75 5 63 4 63 3 65 2 70 1 79
1244 2.6177435511705176 -1.6844202516357942 3.3028727151225024 223 174 143 0.57808870814413826 23 83 22 96 21 128
1245 2.4748708961183712 -1.4244290467232255 2.616464024712398 192 140 119 0.2352358845318861 24 108 22 97 20 121 18 103 16 128 15 130 14 136 13 134 12 141 11 130 10 108 12 106 9 150 8 115 8 162 7 125 6 138 5 128 4 124 3 131 2 128 1 146
1246 2.7411672251609818 -1.2823319478611399 3.3402090545761247 192 143 112 0.24134798646787037 23 96 22 109 21 136 20 131
1247 2.7086578259986434 -0.87165399147346179 2.6282432040575432 207 152 130 0.07947345236676398 23 132 22 112 21 104
1248 3.5777793159335034 -0.4547830210376812 2.9342692761189695 40 34 32 1.9306460091451803 25 43 22 113 21 141
1250 2.6646151645134775 -1.4813457191098243 3.3271382797644438 212 158 136 0.61744919727641412 23 149 22 130 21 132 20 155 19 144 18 159 17 168 16 207 15 202 16 187
1251 3.8321011779208285 1.3690020677951467 2.4497601987795385 222 170 133 0.23788292178206563 25 157 22 142 21 148
1252 2.6118157913997369 -1.5101572670878098 3.269750037811749 178 130 104 0.27961604989112976 24 136 22 160 21 162 20 153 19 142 18 137 17 148 16 171 15 165 14 177 13 168 12 184 11 198 10 219 9 214 8 240 7 243 6 265 5 248 4 255 3 261 2 259 1 278
1253 2.7527874419885845 -1.4420304128457471 3.3804152350896519 116 81 64 0.75429983326249472 23 151 22 164 21 184 20 191 21 207 19 183 18 189 17 206
1254 2.8339186493752306 -1.63154984170117 2.3513846261523002 117 82 66 0.018314531313587522 23 194 22 171 21 176
1256 3.3357725357841179 1.6301257262057178 2.6165754116059565 13 11 9 0.43066652828600543 23 207 22 181 19 171
1257 2.5863022557513147 -1.6361996236572163 3.2231957789435572 176 127 101 1.4345098672485064 23 199 21 159 20 150 19 158 18 136 17 181 16 183
1258 2.7367065039625951 -1.0889606396632179 2.5281311186144366 234 189 161 1.4195887464515036 23 247 22 219 21 222 20 210 19 184 18 182 16 190
1259 1.9031194227614654 0.98241161032836133 4.3914264205960327 184 136 98 2.0789373460449392 23 266 22 248 21 255 24 257
1260 2.4518283555947118 -0.85202076889819234 3.5177375848290438 0 0 0 1.117680904343904 31 314 32 305 33 316
1261 2.4152872560703464 -2.3004069768579556 2.776448812299408 190 151 128 0.37464306189131336 24 2 21 4 20 3 17 1 16 1
1264 2.6615341211582475 -1.7232837561672205 3.3994450988426315 202 158 134 0.42800350282870808 24 38 21 64 20 33 18 57
1267 2.6097439141735528 -1.5452847491835557 3.3095555783000687 221 167 142 0.21695864342937435 22 102 21 96 20 99 19 93 18 80 17 95 16 101
1268 2.6212997498814712 1.6576782530405507 2.966293034914985 0 0 0 0.088102911568646219 31 166 32 205
1269 2.3796405832960135 -2.1172093781251933 2.9411045917306509 154 114 90 0.66277190052075918 22 118 21 117 19 105 18 89 17 110 16 159 15 157
1271 2.5115321564627719 -1.2814729666861584 2.5085426454968038 133 77 63 0.33406213877513957 22 163 21 131 20 126 19 118 18 107 17 122 16 131 15 132 14 141 13 136 11 98 9 113 8 120 6 142 7 132 5 132 4 129 3 133 2 89 1 103
1272 2.1410302760460587 1.0363301891232233 3.9026033427471938 8 4 2 0.35692582773474735 23 159 21 147 18 117 12 161 10 176
1273 2.5636819566154307 -2.4598242165806887 2.8905369232325904 69 51 34 0.80914004730445244 24 123 21 155 20 84 19 104 18 87 17 105 16 156 15 179 13 120 12 118 10 136 9 132
1274 2.5897625351412716 -2.2991917764392458 3.2599226969210005 60 43 28 0.90776153438969809 23 137 21 156 20 147 18 127
1275 3.3775977927348841 1.5937547981955638 2.5786209887967719 255 255 255 1.0048816100713369 22 182 21 169 20 161 19 128 18 122 19 100 17 138 16 149 15 154 13 160
1276 2.3479161420633612 -1.8049675994936798 2.6072087092993947 136 96 74 0.21314383680286528 25 187 21 172 20 165 19 152 18 151 17 157 16 178 15 180 14 188 4 221 3 224
1277 2.5833945592797893 -1.6391070239988443 3.2804317945930377 225 181 153 0.25934096521744082 22 175 21 181 20 171 19 157 18 156 17 180 16 204 15 201 14 213 13 201 12 218 11 218 10 241 9 235 8 260 7 264 6 287 5 274 4 278 3 279 2 253 3 255 1 276
1278 2.6369028851730669 -1.86049670474227 3.4570237851245493 161 85 64 0.14315541434864573 22 188 21 202 20 187
1279 2.0617001305098102 1.2545982546981116 3.8742559901173688 30 20 16 1.3299626835992533 19 192 18 194 17 201 16 233 15 231 14 233 13 229 12 240 11 239 10 267 9 270 8 284 7 282 6 314 5 289 4 296 3 273
1280 2.4352832870285601 -1.5370874744062364 3.0677062048559409 174 126 99 0.31284514768357696 22 191 21 219 20 218 19 207
1282 3.5495141241844919 -0.35264592921032167 2.894852298374178 13 11 7 1.9148778474711181 23 257 21 242 18 209
1283 2.6683318522708595 -1.1870033567110418 3.229239645118577 160 112 78 0.8504269197031199 22 236 21 249 20 248 19 239 18 228
1284 2.7408041793912177 -1.6440221617180328 2.3806080318042326 120 73 57 1.7424136313033727 23 268 21 252 20 247 19 232 18 214 17 224 16 251 15 238 14 248 12 245 11 231 10 258 9 209 8 210 7 121
1286 2.5795751321781601 -1.6351828973041289 3.2987504395304863 206 156 130 1.8640482212399043 22 252 23 273 21 261
1288 2.1225347995686636 -0.035888505179126069 3.8307233768717532 238 198 154 1.4778229572623711 22 256 21 263 20 257 19 245 18 235 17 240 16 270 15 267 14 277 13 274
1289 2.1615960635157219 0.33797230328305305 3.6934661749403315 13 7 6 2.1011348083678021 22 254 23 276 21 264 20 258 17 241
1290 3.7434747188307851 -0.798398126928625 2.8036928107449328 255 255 255 1.5738909981209452 22 263 23 285 21 270
1291 2.8132748711656812 -1.8193074028884586 2.394895468467475 0 0 0 0.67452169830265607 31 317 32 307
1293 2.4451635496535005 -1.3584787965073544 2.5544389633244875 194 144 127 1.3199921743461729 23 200 22 176 21 182 28 100 27 89 26 105 25 104 24 137 25 136 23 180 24 177 22 159 20 172 19 159 18 157 17 166 15 188 14 194 12 202 11 197 9 211 7 245 4 257 3 263 1 282
1294 1.8903222630831034 1.1965479175767018 4.0911611101619485 255 255 255 1.6415795218278206 32 279 31 290 29 286 28 268 27 275 26 268 25 265 24 258 23 271 22 249 21 259 26 278 23 275 20 254 19 242 18 231 17 243 16 266 15 263 14 275 13 275 12 291 11 282 10 309 9 303
1295 2.6906034881848 -1.6619679034861072 2.4258248966546141 80 57 46 0.30385801840362769 22 11 23 12 34 33 31 28 19 15
1297 2.3678272728103873 -2.0475605441723266 2.9807271985962878 139 102 82 1.7243604636910026 21 9 20 6 19 7 18 8 17 7 16 12 15 13 13 7 12 13 11 5 9 11 8 10 8 11 7 13 7 14 6 19 3 12 1 18
1298 2.3857663739874542 -1.7917171134036487 2.530541459997929 153 111 87 0.085308144936020694 26 8 20 7 18 9 13 12
1299 2.5188421528492775 -1.1027874277489946 2.916035124021815 167 123 104 0.23432442112319624 21 40 20 43 18 30 17 35 16 78 15 78 14 85 13 82 12 45 11 62 10 78 9 81 8 49 7 86 6 60 5 36 4 89 3 45
1300 2.1537975861249929 1.126698720495831 3.9385517188220627 52 38 30 0.43252392175767335 23 51 20 51 18 34 17 46 16 51 15 50 14 48 13 45 12 90 11 37 10 46 9 93 8 96 7 93 6 113 5 104 4 102 3 109 2 52
1301 2.4325635774916137 -2.1271383772185404 3.099410368722153 116 89 69 0.4643975258112808 21 53 20 54 19 42 18 39 17 49 16 58 15 87 14 96 13 55 12 59 10 57 9 54 8 62 7 59 6 74 5 59 4 61 3 9 2 64 1 12
1302 2.3611918864188102 -1.7130590478718246 2.7390858234572351 156 111 91 0.34210982108322108 23 9 20 55 16 18 15 19 14 11 12 18 9 15 7 21 5 18 4 23
1303 2.5335711439391018 -1.8185989954597559 3.2801286343028835 115 78 59 0.62477760370658408 21 57 20 64 19 85 17 86 12 133
1304 2.6407060432568965 -1.6703222123998362 3.4043792645702826 157 101 83 0.38695966420758438 21 65 20 70 19 56 17 62
1305 3.5287466420077691 0.44815604084403399 2.4300579978011951 221 175 132 1.222799324593135 21 77 20 81 19 69 16 145 15 145 14 157
1306 2.3779637588747344 -2.1025865540177651 2.9760495962634916 175 138 117 0.29459139404977197 21 81 20 87 19 78 18 92 17 112 16 119 15 119 14 131 13 124 12 127 11 116 10 196 9 138 8 148 7 205 6 169 5 162 4 159 3 158 2 154
1307 2.6119802631118381 -1.5738273634908899 3.4247749170230448 172 104 86 0.29152752170954915 25 35 20 97 19 91 18 78 17 94 16 129
1308 2.5145318574469808 -1.1479167623554365 2.7317247229823192 205 145 126 0.19902893366994173 23 128 20 101 19 94 16 104 14 117
1309 2.6044374748567081 -1.8759605918345321 3.4876924413957222 255 255 255 0.67273120087353266 23 174 20 112
1310 2.6802167748804155 -1.1153582297335718 2.5420521316438882 211 115 108 0.16607607600261515 22 132 20 129 17 101 16 107
1311 2.7908477786540384 -0.59018118689373011 3.9474385190733465 8 6 4 0.30075421392135904 21 140 20 137 19 121 16 144
1312 2.7496342706490156 -2.3605419892239223 2.4050030700146001 84 63 41 0.1442503757345939 21 171 20 146 19 135
1313 2.7913001544217626 -1.7342179420853165 2.2944407073045423 221 174 145 0.57485850450585885 21 174 20 148 19 107 18 98 17 84 17 117 16 92 15 59 14 62 13 19
1314 2.1367308783978141 -0.34269135679538443 4.2805328579098019 206 155 121 0.69311763846719543 24 179 20 159 19 150
1315 3.436506244652942 1.6095097301521903 2.6035051370248263 255 255 255 0.34568239530144651 21 170 20 162 19 129
1316 2.6959315920129119 -2.1116854261046587 2.2640322344590293 236 188 160 0.090275139224165801 21 195 20 164
1317 2.0816761139120632 1.2530533187932449 3.5299602194977937 33 26 25 0.55027516794162745 21 190 30 73 20 178 19 167 18 167 17 174 16 196 15 196 14 205 13 194 12 212 11 207 10 227 9 224 8 254 6 283 5 267 4 266 3 270 2 269 2 290 1 288
1318 3.457115237997479 -0.37119329060006939 2.9549117175572586 226 182 140 1.7626896810536477 21 225 22 202 20 198 19 187
1320 2.8205222697836585 -0.91128608979993775 3.1046019965246505 176 141 109 1.105099286997635 21 224 20 221 19 211 18 202 17 208 16 239 15 230 14 244 13 235
1321 3.0343041671765696 -0.84935251149870472 2.8978698102094751 228 191 154 0.9287260354026956 20 222 19 212 18 203 17 197 16 231 15 223 14 218 13 189 12 190
1324 2.5218465246094106 1.4949189506545906 2.908197327788745 255 255 255 1.2056089171717346 23 262 27 266 25 266 20 234 19 226 18 211 17 219 16 240 15 232 15 245 13 239 33 289
1325 2.5443236394583786 -1.4589400434002324 2.4492109059290175 233 182 160 0.92307976408731729 21 248 20 239 19 229 18 215 17 212 16 246 15 240 14 237
1327 2.4657324035821033 -2.058724127913206 2.734762709334694 225 183 158 1.8803380040534126 21 256 20 249 19 236 18 225 17 234 16 260 13 267 15 258 11 276
1329 2.9806840226702773 0.69620610681808492 3.2710126668861363 0 0 0 0.81794526153786495 32 309 33 320 31 318
1330 2.9806840226702773 0.69620610681808492 3.2710126668861363 0 0 0 0.81794526153786495 32 310 33 321 31 319
1331 3.2018824561437409 1.5730059937052687 2.6825172831577957 7 5 5 1.8159340758926312 32 295 31 306 28 278 27 286 24 264 22 250 18 223
1332 2.8352984048547056 -2.2769588435257613 2.3373441935472856 206 158 134 0.91082211689972681 20 53 19 2 18 5 17 4 16 8
1333 2.4242763576075781 -2.2347950705735786 3.0094615175671033 125 95 72 0.29570230548858256 21 8 19 3 18 7 17 5 15 7 14 2 13 5 12 7
1334 2.4168699385766357 -2.1959798586006927 3.0184473920489716 99 71 50 0.40949245878812196 22 4 19 5 12 124 15 118 10 140 9 137 8 144 6 166 5 159 4 155 2 153 1 175
1335 2.4909691426763017 -2.1551621163042372 3.205503179847399 51 30 15 0.29825881407823818 20 5 19 6
1337 2.5150807650507341 -1.1071111991992069 2.898942650489635 193 150 132 0.25137909838098677 20 44 19 36 18 29 17 36 16 47 15 43 14 39 13 36 12 46 11 28 10 34 9 37 2 46 1 62
1338 2.5863326818377614 -2.4526876699517706 2.9646816437059456 146 116 93 1.7854205639412566 20 2 19 41 21 3 18 1 17 0 16 0 15 0 3 0
1340 2.6235298372721956 -1.7200477675788801 3.4007823106218473 160 102 78 0.30116256304214678 20 69 19 54 18 54 17 60 16 33 15 32 14 20
1341 2.6338642776250007 -1.3511640833463041 2.4521586051448758 231 182 157 0.65930535724597295 20 39 21 98 19 59
1342 3.5895268405844245 0.42200970949111555 2.465638556674373 21 12 10 0.79083462322640097 19 68 17 41 15 144 14 156 13 152
1343 1.9428302946796387 1.1194491127422797 4.0519253835510538 255 255 255 0.30121391862836122 21 109 19 74
1344 2.6103626461274154 -1.5235309521253926 3.3977767360506479 210 149 130 0.1539669273931136 20 98 19 92 18 79 17 96
1345 2.7342060510941804 -0.90057575535333689 2.6034715792558156 230 178 153 0.17034035542259213 20 133 19 98 18 67 17 73 16 48
1346 3.4253877752487951 -0.41133764646970555 2.8610459565474886 26 20 16 1.7321255624028868 20 79 19 122
1347 2.4235480322009169 -2.3160974090368995 2.9350420322312285 158 123 98 0.65908013898384143 21 115 19 136 18 126 17 141 11 190 10 211 9 202 6 221 5 208
1348 2.6308710993981554 -2.3816773649275844 3.2604143183308505 75 58 43 0.16740688004567095 20 107 19 137
1349 2.4697491788669521 -1.9623890452064296 3.160872496141538 102 77 58 0.27979735431693736 20 166 19 153 18 152 17 158 16 179 15 181 14 189 13 180 12 198 11 193 10 213 8 226 7 229 5 235 4 242 3 252 2 246 1 270
1350 2.8467765843949615 -1.7958984739011854 2.2992665228751941 143 107 81 0.56013888025057545 20 167 19 154 18 153 17 159
1351 3.5204427213949683 -0.37943362991161683 2.9551447892062583 225 182 143 1.6967119292113841 20 157 19 163 18 163 17 171
1352 2.9605832989409206 -1.9832731544119186 2.3142035171770603 226 176 148 1.061811216387232 20 206 19 175 18 172
1353 2.2724494366279941 1.39684899391051 3.1014091894285434 8 7 5 0.14612238106271636 22 209 19 194
1354 3.1977071268572694 -1.7499486277737171 2.3552738103367616 255 255 255 1.4345247433385229 22 243 17 178 16 202 15 185 14 107
1355 3.7341353942469517 -0.41183025069948043 2.871147390919853 255 255 255 0.97304056667526029 20 212 19 201 16 216
1357 2.4180476686551495 -1.5176291416822907 3.0521333257399403 175 128 101 0.72336848237260853 20 230 19 219 18 205 17 214 16 252 15 249 14 257 13 256 12 269 11 261 10 286 9 284 8 305 7 320 6 356 5 331 4 334 3 339 2 333 1 352
1358 2.8990669970535672 -1.0127460664659775 3.28809419421273 191 147 110 1.0723766058529887 20 232 19 223
1359 2.5511063204349762 -1.4585056594416812 2.4507810169308253 240 188 166 0.56702879281725027 20 240 19 230 18 216 17 211 16 245 15 239 14 236 13 230
1360 2.5332362442728433 -1.8105097343299794 2.4311905183871083 238 195 169 1.918808696487698 20 246 19 231 18 219 17 223
1361 2.5345019909785491 -0.36949314287019441 3.7587251259967784 9 8 6 1.4938338254952594 20 256 19 244 18 233
1362 2.9369665281072095 -1.9603099219632594 3.0258742223892661 92 72 62 1.2905783309000172 20 267 19 253 18 242 17 253 16 278 14 285 13 283
1363 2.4522251748125479 -1.6698990892589187 2.639478797817798 63 38 30 0.31805155360814824 37 42 36 39 35 48 33 33 32 32 31 91 29 84 28 86 26 65 25 65 23 68 20 61 19 46 18 44 17 55 16 64 13 18 12 24
1364 3.7446288187706545 -0.2171216292949717 2.6843485578047752 14 12 11 0.069656619260746178 23 47 18 32
1365 2.6032418418432375 -1.636460509711438 2.4578130628511481 212 175 150 0.70208783773980343 19 52 18 52 15 28
1366 2.472530505117525 -2.3699577305471684 2.8083379935285935 115 86 64 0.47914143241086693 19 77 18 71 17 78 16 54
1368 2.1314967770369493 1.1277907560814191 3.994239802989775 89 66 52 0.20569314153611351 19 99 18 86 17 134 16 147 15 111 13 154
1369 2.3691086152857008 -2.1121635645912749 2.9373831246626922 152 111 88 0.80294635319055718 19 106 18 90 17 111 16 160 15 158
1370 2.4900814464183139 -1.3078076919197916 2.5431257640643845 158 110 101 0.27076451699573839 20 124 18 105 14 140
1371 2.4014898779400067 -2.0444316275729619 3.057886699293745 118 85 64 0.17727950541962689 19 174 18 171 17 192 16 222 15 216 14 224 13 220 12 234 11 230 10 257 9 261 8 285 7 288 6 317 5 294 4 297 3 299 2 299 1 317
1372 2.3237611312460826 -0.36829266960473211 3.8654216505589236 237 194 159 0.6836522399790983 20 199 18 185 19 203 17 198 16 232 15 224 14 231 13 228 12 239 11 237 10 273 9 273 8 291
1373 2.753961272315713 -0.89868905486114525 2.6914330982634196 164 110 89 1.4627442424000736 19 222 18 201 17 207 16 238 15 228 14 243 13 234 12 250 9 281 8 299 7 315 6 349 5 327 4 329 3 328 2 326 1 346
1374 2.5187790420366265 -1.2058238543275608 3.0309804218150527 195 150 129 0.89481989072696 19 221 18 207 17 226 16 253 17 215 15 250 14 258 13 257 12 270 11 263 10 288 9 291 10 297 8 313 7 331 6 369 5 340 4 346 3 350 2 345 1 362
1375 2.5749731494194927 -2.0142584709286164 3.2954135424165907 78 57 41 1.3173322444425259 20 238 18 220 17 229 16 262 17 235 15 264 14 268
1376 2.8729330643406485 -0.77090567774743246 3.4770441629563238 176 130 93 0.49481710317734723 19 235 18 222 17 232
1377 3.0487208786330733 -0.25619371338831903 3.0211644401091959 242 192 147 0.5283574706027494 16 259 15 255 14 266
1378 1.9076974162328715 0.91599524291579926 4.4169529220370967 180 136 101 1.7438133268934539 19 241 18 230
1379 3.4811307117253736 -0.68351223434912256 2.6881499405888958 255 255 255 2.0959203121210437 19 251 20 265 18 240 17 251 16 276
1380 2.9369665281072095 -1.9603099219632594 3.0258742223892661 81 55 43 1.2905783309000172 19 252 20 266 18 241 17 252 16 277 14 284 13 282
1381 2.651079546048829 -1.6400647918550033 3.4241728566737404 148 79 56 0.862573015165228 22 33 19 31 18 26 22 99 21 94 20 95 16 98 19 116 15 96 14 108 13 133 12 35 10 72
1382 1.9000716330279621 1.3163053835744143 3.9339662455488216 204 159 128 1.3207472495989849 32 194 30 191 29 182 28 176 27 179 26 164 25 158 25 202 27 180 24 183 24 184 25 54 23 54 23 166 22 48 22 49 21 112 21 113 20 179 19 168 18 123 26 219 25 222 22 208 21 216 23 206 20 214 17 175 17 188 16 197 14 163 14 206 13 161 12 173 11 163 10 185 9 182 8 190 7 200
1384 2.6272518089055583 -1.7363068916027362 3.3427379808127391 85 23 9 0.33310001428194219 20 30 17 22 16 31 15 66 14 67 13 69 11 92 10 105
1386 2.669632759788295 -1.1747840195407362 2.5139346168856869 197 105 99 0.075223675754883354 19 64 17 32 16 42 15 40
1387 2.1410826963729748 0.010568584648188396 3.6908851471913833 153 115 90 0.89572047236276853 20 48 17 40 16 50 6 67 4 52
1388 1.9470705554841112 1.0605894017124178 4.0798801817971775 203 154 119 0.25042290363578251 19 72 17 44 12 88
1389 2.5163906009471892 -1.6891264644591024 3.1924927748992937 196 148 124 0.31663109826011965 18 24 17 61 16 71 15 68 14 105 13 102 12 104 11 94 10 148 12 137 9 147 8 208 7 212 6 232 4 171 3 229 2 226 1 250
1390 2.483537730227702 -2.2402754059778567 3.164799839423218 91 73 57 1.6123922307394594 18 6 17 79 16 10 15 4 14 1 13 49 12 6 12 92 15 86 11 1 11 77 10 1 10 89 9 3 9 50 8 4 8 5 7 57 6 9 6 121 5 54 4 4 4 56 3 57 2 57 2 62 1 74
1391 2.8055041484977368 -1.1907533197902926 2.4814079909727491 232 188 160 0.27004144278699099 18 111 17 102 16 77 15 75 14 36 13 35
1392 2.6850655678697133 -2.2035978897854536 2.328504673549034 234 184 157 0.23306858363727853 20 163 17 109 16 84
1393 2.7866079790207463 -1.8352407429737956 2.3032449230990175 235 191 169 1.3207849056026619 18 130 17 114 16 90 15 55 14 98 13 57 12 25 11 85
1395 3.7216551395777402 -0.50085433229411314 3.121605992239513 0 0 0 1.4086018694644129 27 138 29 57
1396 3.501336528675794 -0.35368554283558412 2.8816013855250557 16 13 9 1.526479745171516 19 202 17 199 16 215
1397 3.1772098484094062 1.6225331447028386 2.6396005453309508 8 7 5 1.3025406655227814 17 220 13 238 12 243 14 245
1398 2.4497199942245995 -2.1989663468026777 3.1003486165873331 99 77 57 0.44445730949425666 18 224 17 233
1399 2.599812168213854 -0.79217159614200561 3.6848207097910328 255 255 255 0.049963418226116205 19 246 17 245
1401 2.4470464976901214 -2.0293700264954255 3.1455642427575601 112 86 68 0.18431946727078685 17 8 16 14 15 15 14 6
1402 2.6225887563637276 -1.7185332307161383 3.4005857200359899 162 106 79 0.29265297320792438 18 55 16 32 15 31 14 21
1403 2.6138399126683276 -2.2982331185832798 2.4203117289343044 197 154 129 0.37346547048540013 18 72 16 55 15 1
1404 2.4299743485247514 -2.1253599421488873 3.0999538075246322 111 86 66 0.4637264543614692 17 50 16 59 15 88 14 95 13 54 12 58 10 56 9 53 8 63 7 58 6 73 5 58 4 60 2 63 1 11 3 8
1405 2.0844729385792031 1.2549270062786344 3.5583763428501141 34 28 25 0.44234392963165697 19 75 16 83 11 71 9 130 8 99 5 109 3 113 2 105
1407 2.7136173908042984 -0.89911188685696131 2.6267737459578364 198 139 118 0.079100594843061145 17 103 16 110 15 105
1408 2.8509816930327387 -0.91380866633535818 2.8831967420728719 152 120 97 0.67781022928555301 16 111 15 106 14 122 13 146 12 154 11 146 10 167 9 167 8 175 7 183 6 154 5 143 4 142 3 141 1 113
1409 2.5076993646541617 -0.49946999465072917 3.9641802860677773 19 12 8 1.832346935728995 17 129 16 142 15 143 12 49 11 31 10 41 8 176 9 170
1410 2.6406224002935992 -2.3407808741336313 3.293131733834779 83 65 51 0.81795998611333898 17 142 16 158 14 187 12 213
1411 2.7101739886518925 -1.9724381718174067 3.4671569516275569 76 54 41 1.1434820360828928 17 85 16 162 15 182
1412 2.874139910415511 -1.6419808756319636 2.3572402687742482 115 77 60 0.37331050110149422 17 162 16 166 15 127 14 106 13 103
1413 2.8106814030751566 -1.5486678350285425 2.4074355586442704 232 179 148 0.2544413790845545 17 164 16 169 15 163
1414 1.8815062160076401 0.97952684533960666 4.5480726828914433 148 111 82 0.92907568246889438 14 232 13 237
1415 2.020706513979166 -0.21274152118312412 4.008791642437906 239 199 158 0.67074065804976324 17 228 16 256 15 253 14 263 13 262
1416 2.4387213944752419 -1.8129691007440492 3.0147243555340117 199 160 135 0.96173385598570338 17 230 16 257 15 259 14 269 13 268 12 285 11 277 10 305 9 295 8 315 7 335 6 374 5 347 4 350 3 356 2 349 1 365
1417 2.8741032890178757 -0.90053209007256019 2.9376903067262155 96 62 38 1.5981200430441429 17 231 16 258 15 254 14 265 13 263 12 281 11 272 10 292 9 282 8 300 7 316 6 335 5 319 4 324 3 310 2 307 1 325
1419 2.9337604565908548 -1.1293810932970547 3.142045708788173 0 0 0 0.48083545126394733 17 249 28 285
1420 2.8132748711656794 -1.8193074028884568 2.394895468467471 0 0 0 0.67452169830270536 31 316 32 308
1421 2.6184994454988666 1.5841142903781262 2.840973030304458 7 6 4 1.3477619952108979 21 236 20 227 19 216 16 243 39 323 38 295 37 317 36 315 35 301 34 300 33 280 35 294 32 272 31 287 30 284 29 275 28 257 26 259 25 258 24 248 21 246 29 268 20 236 19 228 18 213 17 222 16 249 28 249 15 236 15 247 14 246 13 241 13 254 12 254 12 267 11 250 10 276 10 285 9 275 6 343 5 306
1422 2.4792559113731309 -2.3686213745388791 3.0239272972572566 119 94 72 0.39168530600207485 16 7 15 2 14 0 10 50 11 39 8 59
1423 2.4524066347757549 -2.0322873586556636 3.1471573871236251 113 86 67 0.20587926081506053 16 13 15 14 14 5 13 10 12 15 7 15 4 15 3 11
1424 2.7733845399831978 -1.6100636097560825 2.3998649680348043 74 52 36 0.28974523818650805 16 28 15 29 14 26 13 26 12 33
1425 2.6155739465182579 -1.7538476738451612 3.3497211129936084 198 144 123 0.37949329369731399 16 29 15 30 14 22 13 67 12 30 11 49 10 70 6 38 6 128 5 75 4 72 3 75 2 76
1426 2.6064989260075535 -1.730012970433171 3.3163149983518809 197 147 123 0.40813926242572657 18 23 15 33 13 70 12 69 11 51 10 103 9 67
1427 2.6041903481621982 -1.7125027757558318 3.301274207800883 174 121 95 0.16905913534274691 16 35 15 34 14 23 13 25 12 31 11 17 10 22 9 68 8 82 6 88 5 86 4 77 3 79 1 92
1428 2.6168282956205347 -1.5109486187793377 3.3716680306213576 46 31 25 0.14388968086106632 18 27 15 38 14 31 13 30 12 36 11 21 10 29 9 27 7 31 6 46
1429 2.6540434560745503 -1.6954038458120759 3.3478850638301463 174 116 97 0.25145720351871914 16 34 15 67 14 69 13 101 12 103 11 93 10 106 8 158 7 165 6 180 5 171 4 169 3 170 2 165 1 194
1430 2.7017844562309494 -2.2467089227108827 2.3689953979169349 235 185 158 0.56771532592291818 16 116 15 85 14 51 12 3
1431 3.4436955911264069 -0.36951411671920231 2.88089620022672 20 14 9 1.6381117302336676 15 108 14 92 13 86
1432 2.113396467768645 0.99581580755647747 3.8930276895585392 80 58 47 0.40408617350819165 17 104 15 110 14 125 13 87 11 35 10 132 8 134 5 147 4 148 3 143 1 159
1433 2.5594251614849215 1.4592088326424517 2.876078983716877 255 255 255 0.29178409596094196 16 113 15 113 14 127 13 119
1434 1.9024960612906427 1.3897495181038895 3.50936200567351 135 97 71 0.80972917611344508 16 114 19 102 15 114 13 48
1435 1.902496061290643 1.3897495181038897 3.50936200567351 135 97 71 0.80972917611347606 19 103 15 115 13 47 16 115
1436 2.5629989927857109 -1.8336499201536889 3.3370286184746223 216 155 136 0.1760865675735199 16 123 15 124 14 133 13 128 12 132 11 124 10 143 9 142 7 158 6 174
1437 2.5955603353128436 -1.7946502860616265 3.3442982157800851 107 43 27 0.33751109661423084 16 124 15 125 14 134 13 129 12 179 11 173 10 201 9 190 8 205 7 208 6 229 5 238 4 245 3 254 2 252 1 275
1439 2.0831215550763358 1.2433953307909238 3.5995818926729024 4 3 3 0.40192244057496657 17 137 15 150 13 156 12 167 11 161 10 182 9 178 8 186 7 198 6 214 4 208 3 203 1 226
1440 2.0831215550763358 1.2433953307909238 3.5995818926729024 4 3 3 0.40192244057496657 17 136 15 151 13 155 12 166 11 160 10 181 9 179 8 187 7 199 6 215 4 207 3 204 1 227
1441 2.6737918639941385 -1.9083126114047673 3.4143791536328369 220 153 127 0.38961259043959756 16 165 15 161 14 190 13 181
1442 2.6061620653588795 -1.5569699500369942 3.3674496555044278 213 155 131 0.52169500768544252 16 170 15 164 11 177 8 211 7 215 6 235 5 245 4 250 3 257 2 255
1443 3.0461904473803036 -1.6877066786737869 2.3420793243960767 0 0 0 0.026843644493096099 16 180 19 197
1444 2.6238342999270774 -1.3011369578065253 2.4742037024433001 241 194 169 0.5124507082660742 16 206 15 190 14 214 13 170 14 198 12 143 11 132 10 157
1445 3.7349994091568544 -0.29715602880312786 2.7624128978140861 5 4 1 0.6381403462682057 16 192 15 193 14 185 15 174 13 176 12 193
1446 3.6550915812480071 -1.6532735199619566 3.8704283568946978 255 255 255 1.8792206765594122 16 208 15 205 14 229 12 257
1447 2.9847858827761793 -0.87932111178471628 2.7859064934800322 255 255 255 1.7983280196359805 15 206 13 227 14 217 12 207 11 204 11 244 10 272 9 272 8 289 7 303 6 336 6 350 5 320 3 322 2 321 1 338 2 327
1448 2.9207557710335146 -0.68964989302273538 3.7023901777996286 194 148 108 0.26351483969398615 16 212 17 185 15 208
1450 2.4653267290847887 -1.3095602379288536 2.5067123054824747 83 26 24 0.43769586872881344 16 236 15 226 14 239 13 231 12 247 11 242 10 271 9 271 8 287 7 302 6 331 5 314 4 321 3 304 2 317 1 320
1451 3.2670462305356818 -1.1591521488248477 3.6887756933347631 37 20 9 0.48204130576465259 16 230 15 229 14 253
1452 2.6329654415780204 -1.0444649409417286 2.7402202540587983 225 175 150 1.6637241733412835 16 255 15 252 14 261 13 260 12 274 11 267 10 291 9 286
1453 2.4280635230542633 -2.0515050958670189 2.7366096119178622 226 183 158 1.2761215404360291 16 261 15 257 14 267 13 266 12 284 11 275 10 304 9 294 8 310 7 329 6 365
1454 2.9437615895123983 -0.92559857556683955 2.9449866599615477 98 64 41 1.2462726543234581 16 265 15 261 14 272 13 271 12 288
1456 3.1707163228157964 -0.87831479917223976 3.9429702070223374 255 255 255 1.8777696204035372 16 267 15 265 14 276 12 289 11 280 10 299 9 293 7 317 5 328
1457 2.0130750399713015 0.89966544640064749 4.5093528236380633 163 122 91 1.0628202787620431 16 272 17 242 15 269
1458 2.6141984083385408 -1.5468387251988622 3.3130105418409626 220 167 142 0.35551304081370716 22 128 21 129 20 123 19 117 18 104 17 121 16 130 15 131 27 88 26 104 25 103 24 112 23 122 14 139 13 135 10 152 11 131 8 161 7 170 6 187 5 179 4 179 3 174 2 168 1 252
1459 2.5319076838159793 -0.3737992188858511 3.7576235734399575 5 5 3 2.3807823189259101 21 262 20 255 19 243 18 232 16 268 17 238
1460 2.2958021810958638 -1.8373459105062757 2.8059469999512143 194 156 136 0.7686453012047374 23 7 14 7 11 8 8 18
1461 2.3437615774385887 -1.7935656532915913 2.8714436785958588 191 153 133 0.53446166916740434 15 17 14 8 13 56 14 58 12 61 11 41 10 8 10 63 9 59 8 73 7 63 6 78 5 71 4 69 3 73 2 74
1462 2.6132135905684097 -1.8129683327869184 3.3740712143765776 175 119 105 0.17587472675858046 15 24 14 15 13 20 12 26 10 13 7 25 4 22
1463 2.4615589434778848 -2.2973146420672657 3.0610186024128638 78 57 39 0.30412008652485906 16 56 14 50 11 76 8 100 6 122 7 101 5 55 4 107 3 116 2 110 1 127
1464 2.6300713652887993 -2.2540623445007699 3.3550472754997021 69 53 41 1.4638915614895931 15 54 14 54 13 123
1465 2.5466555669611299 -1.8755816677691155 3.3007045171162552 68 45 28 0.26638522370888867 16 60 14 59 13 58 11 42 10 64 9 60 6 79 5 70 2 73
1467 3.4300695102534764 -1.3031364803263463 3.7181874587793935 94 68 45 0.51456687612254215 15 81 14 88 12 113 11 107 9 165
1468 2.5055251543408277 -2.2275525532786395 3.1708534163869762 67 47 31 0.62833197656421824 16 85 14 94 5 114 4 108 3 117 2 61 1 75
1469 2.5750603348994217 -1.8250217779727951 3.3666567043456301 134 64 45 0.17315570590879081 15 92 14 100 13 95 12 98 11 86
1470 3.3803064809212615 -1.443729855230556 3.6894406883264894 77 53 33 0.48911841017981772 15 76 14 119 13 113 12 150 11 139 10 160 9 158 8 217 7 219 6 195 5 227 4 184 3 234 2 230 1 257
1471 2.5625928039317083 1.4601625871642265 2.87625841719005 255 255 255 0.28673797004873297 16 112 14 126 13 118
1472 2.4163789019114246 -2.1627474062740442 3.0360369272187531 126 98 78 0.39439995321209054 16 117 14 129 13 122 12 125 11 169 10 192 9 184 8 194 7 201 6 225 5 214 4 215 3 218 2 213 1 176
1473 2.4156744818572826 -2.1618887250570205 3.0362731692579974 126 98 78 0.3511537995222781 16 118 14 130 11 170 10 193 9 185 8 195 5 215 4 216 3 219 2 214 1 177
1474 -1.1792320186381959 0.20305602206300583 2.1886115800890344 255 255 255 1.329453579856801 15 173 14 152
1476 2.0465444359118701 1.3074001181677983 3.8425452483325651 255 255 255 0.90192360953387485 15 176 16 198 14 164 13 178 12 174 10 48
1477 3.4968123595237239 -1.3910549704371611 3.8010778510670336 33 16 6 0.78882778622605931 15 139 14 181 13 140 12 188 11 141 9 197 8 218 6 244 6 270 5 255 3 268
1478 3.1276710980057509 -1.7183881388633706 3.6198535886157219 63 52 40 2.1026253612669166 15 98 14 195 13 223 12 246 11 262
1479 2.7132016283328131 -1.4264794413531132 3.3344307517219867 82 43 27 0.34256967088237261 16 188 14 215 13 204 12 221 11 221 10 259 9 263 8 276 7 291 6 321 5 297 4 300 3 303 2 302 1 333
1480 3.3053200359523576 -0.97966762620099013 3.741261988424871 30 11 2 1.0577984550297459 15 207 14 230 13 236
1481 3.1120662716732643 -1.5446498715507477 3.6097402328436488 47 31 18 0.62628159032932318 15 220 14 242 13 246
1482 2.6715837750375457 -1.0749769327217349 3.1114501157819632 131 87 59 0.9363420251073642 15 241 14 251 13 248 12 258 9 287 8 306 7 323 6 359
1483 2.6715837750375457 -1.0749769327217349 3.1114501157819632 131 87 59 0.9363420251073642 15 242 14 252 13 249 12 259 9 288 8 307 7 322 6 358
1484 2.141211203635367 0.36917882573724575 3.6775115285097759 15 10 7 0.71607688450824625 15 268 16 271 14 278
1485 2.799055289408531 0.69153560005465542 3.2751034461608564 11 8 7 1.6776323877373656 15 276 14 286 13 284 12 299
1487 2.6182795542122208 1.5846574259176731 2.8413740410635495 8 7 5 1.2938304257918993 21 237 20 228 19 217 16 242 15 235 14 247 41 315 39 324 38 294 37 318 36 314 35 293 34 299 33 281 32 273 31 286 30 283 29 269 29 274 28 258 26 258 25 257 24 247 21 245 20 235 19 227 18 212 17 221 16 248 28 250 15 246 13 242 13 255 12 253 12 266 11 249 10 275 10 284 9 274
1488 2.553367617148004 -2.2764011591860047 3.2358836087681384 59 40 26 0.41070893585259743 15 6 13 1 12 57 11 0 10 53 9 1 7 56 6 7 2 0 1 6
1489 2.554669981652899 -2.2774675480468507 3.2356559384867811 59 40 26 0.40890151695127519 15 5 13 2 12 56 10 52 9 2 7 55 6 8 5 53 2 1 1 7
1490 2.7320291469689404 -0.93735677418607266 2.9669401785405265 141 100 73 0.28528076077082115 15 44 13 37 12 47 9 84 8 90
1491 2.7911655712368177 -0.93197142299396052 2.9277825224012006 144 106 80 0.46768049892558966 14 42 13 39 12 81 11 64 10 79 9 122 8 129 7 142 6 200 5 138 4 141 3 188 2 99 1 112 1 209
1492 2.1570143700870954 -0.031265996996608293 3.6930032163888269 147 111 89 1.2234879395892917 14 45 15 48 13 41 12 52 11 34 10 42 10 43 8 54 8 55 7 50 5 42 5 43 2 51
1493 2.0664176103945353 0.42706328231712037 3.7859349355970906 116 84 55 1.0441608533690108 15 49 13 42 12 53 10 45 9 44 5 103
1494 2.0849401306848327 0.61404975925570549 3.7925803418627555 9 6 4 0.5758121065575319 17 42 4 54
1497 2.6172130516380507 -1.4798789127395859 3.2722832265979251 174 125 99 0.22002594336540482 14 73 13 73 10 74 9 76 8 87 7 75 6 93 5 127 3 130 2 127
1498 3.3761484512409847 -1.4953103194618163 3.721317306298884 101 73 49 0.58166413730480093 14 81 13 80 12 79 11 103 10 116 8 123 7 134 6 144 5 133 4 131 3 182 1 206
1499 3.391604297801416 -1.4597480281342807 3.7212168358822475 54 31 10 0.29655406742640816 14 82 13 81 12 110 11 104 10 117 9 116 8 124 7 135 6 145 5 134 4 132 3 134 2 134 1 150
1500 3.4745054625590521 -1.1383028005461822 3.7793420468177636 107 81 56 0.42678241699392633 15 45 13 84 12 82 11 65 10 126 9 126 8 173 7 182 6 201 5 188 4 188 3 186 2 232 1 260
1501 3.4417639933145669 -1.1425010754847575 3.7200771239956598 85 60 37 0.43775120260453682 14 89 13 85 12 83 11 66 3 102
1502 2.5924083549420187 -1.8282621213005044 3.4348527917580158 156 77 54 0.21343911698003332 14 101 13 96 12 131 11 121 10 141 9 140 8 153 7 161 6 177 5 168 4 166 3 165 2 161 1 190
1503 2.5936546478122415 -1.8286823693927277 3.4349079972243128 156 77 54 0.2091588261778938 14 102 13 97 12 130 11 122 10 142 9 141 8 154 7 162 6 178 5 169 4 167 2 162
1504 3.4396720902200921 -1.2151198385811217 3.7256084375357639 71 50 33 0.34971095013972114 14 121 13 117 12 114 11 109 10 124 9 123 8 130 7 141 6 150 5 137 4 136 3 139 2 137 1 154
1507 3.4220610092321531 -1.3586895493831737 3.6695324158590634 59 38 19 0.44468482979835972 14 149 13 142 12 152 11 143 10 163 9 162 8 171 7 179 6 198 4 134 3 136 2 135 1 108
1508 3.5247190474626025 -1.3372394514514447 3.8286353660812287 255 255 255 0.9013192816527108 16 138 13 143 12 189 11 144 10 164 9 163 8 172 7 181 4 229 3 237 2 181 1 258
1509 3.6137134797125219 -0.97491889991234848 3.8850631635196788 255 255 255 0.91350339526960456 14 123 13 148 12 156 11 183 10 251 9 247 8 281 7 277 6 325 5 321 4 306 3 323 2 308
1510 3.3238709224682319 -0.43186586552694067 2.9437445368215789 218 174 136 0.17842171997988959 14 184 13 150
1511 3.2473719146364326 1.6536547079984678 2.6080772806597428 8 7 5 0.54294245889031223 14 165 13 159 12 172
1512 2.7770770472696631 -1.6755791253976147 2.3237337139721066 162 112 82 0.73802816122868531 14 173 13 164 12 181 11 175 10 145
1513 2.6474611162620429 -1.4754632240616692 3.3191992268943844 208 151 131 0.45794878167656722 14 199 13 185 12 220 13 202 11 220 10 242 9 236 8 262 7 268 6 290 5 276 4 280 3 281 2 278 1 301
1514 3.3816839167561334 -1.6126212995524587 3.7264637245538652 37 19 9 1.3263025485362181 14 179 13 187 15 102
1515 2.8930933384511088 -1.6216103279734619 3.4174485823077392 158 117 101 0.97016087454620259 13 245 12 256
1516 2.8339282320132244 -1.2891497231730804 3.3934607747179792 186 137 104 0.81316275401553395 14 249 13 247 12 272 11 265
1517 2.7556489962355961 -0.6518122281283194 3.4128123092290448 179 135 97 0.72376007010678678 14 254 13 250 12 261 11 254 10 280
1518 2.7594237321695974 -0.64993924669753578 3.4140360937225918 179 135 97 0.63080283568605844 14 255 13 251 10 281
1519 2.5777152267450516 -1.1611448257575818 2.5994044264193925 195 90 88 1.7476568062069324 14 259 13 258 12 271 11 264 10 289 9 280 8 297 7 314 6 348 5 316 4 322 4 328 3 320 2 319 1 335
1520 2.9646400113215705 -0.58105680134859083 3.6130951938824012 228 182 139 1.4530477641439954 13 261 12 276
1521 2.5654730220194435 -0.46576331861980869 3.8070924822642818 6 5 2 1.365496330958428 13 265 12 282 11 273 10 300
1522 4.1130017902265186 1.7575108812152072 2.7724410269977908 12 10 9 0.70990383092653597 30 82 12 292
1524 1.9907356357851871 0.85589862916379178 4.5043494948678378 155 116 85 1.0647564294951526 14 279 13 279 12 297 11 289
1525 3.0927249694876826 -0.49604132735301631 2.7884502346197162 255 255 255 1.6830123741441652 9 309 7 347 8 327 6 386 5 355 10 313
1526 2.3857920252896951 -2.1108831417733724 2.9888401388323889 173 136 115 0.18576643276736804 13 50 12 10 10 58 5 12 2 8 1 13
1527 2.3874194941075073 -2.1119357412392996 2.9889432295184588 173 136 115 0.16082231304102235 13 51 12 11 5 13 1 14
1528 2.5519290063873052 -2.0320828696304374 3.3042591698958144 66 50 36 0.42708403880322449 13 11 12 16 11 40 10 62 9 58 8 72 7 62 5 68 4 66 3 70 2 16 1 82
1529 2.9564344401588758 -0.14917823643824821 2.9601859272444324 24 16 14 6.974733205840903e-05 15 46 12 50
1530 2.7146170553413955 -1.1474854375421977 2.5238486258575117 136 67 53 0.2343996045518697 13 112 12 77 11 61
1531 2.4418813074522916 -2.3124325545557314 2.6341624813156033 175 131 106 0.39112102558804174 13 89 12 91 11 38 10 49 9 0 8 2
1532 3.4287201541242607 -1.3981125454998422 3.7175796409784656 15 5 1 0.23957140480283601 13 115 12 112 11 140 10 161 7 178 6 197 5 185 4 187 3 185 2 179 1 207
1533 2.4932939233446154 -2.3823577326606165 2.881435346214448 142 111 89 0.74043521442337268 13 121 12 119 11 72 10 86 5 0 9 95 3 1
1534 2.598358187220545 -2.4469362325217365 3.1496912969006172 53 40 24 0.26616756127405417 13 90 12 121 11 114
1535 2.6118528932195728 -2.4410773531082763 3.2014394808088995 71 54 37 0.89009672963225017 15 84 12 122 10 190 8 139 5 153 3 150 1 167
1537 2.5150600665818121 -2.2334621794774283 3.2982431313917413 105 83 65 0.78133967176414632 13 52 12 126
1538 3.4851312006710731 -1.6248087263219866 3.7564095248041269 25 13 5 1.1490356742874088 13 139 12 147 7 176 6 193
1539 3.5886411037272068 -0.078344985652447199 2.6373566646429545 12 11 7 0.51397311951427294 13 151 12 159
1540 3.8441385398690073 1.2483860948585688 2.4275309558458105 0 0 0 0.47717790644375369 19 125 23 50
1542 1.9057046736263243 1.3880563184453862 3.5159088458347489 135 99 72 0.70431523550452824 14 166 16 152 19 131 12 175 11 165 10 187 6 157 5 151 4 105 4 149 3 114 2 106
1543 1.9058504283003508 1.3883533940939399 3.5159235942968099 135 99 72 0.70329848780249726 14 167 16 153 19 132 12 176 11 166 10 186 6 158 5 152 4 150 3 115 4 106 2 107 1 72
1544 2.5942074115206069 -1.794902451422447 3.3445688601110994 103 35 21 0.24298017985203163 13 130 12 180 11 174 10 202 9 191 8 206 7 209 6 228 5 237 4 244 3 253 2 251 1 274
1545 2.6029115809838634 -1.4647773096770138 3.3707350176676458 209 144 127 0.47136157873484275 13 167 12 183 11 178 10 206 9 195 8 239 9 213 7 216 4 254 3 232
1546 3.4687966977722327 -0.97642743663081288 3.8143802717060069 26 13 3 0.41069299721450087 13 149 12 191 11 182
1547 2.4824386130319631 -2.2597340565545023 2.5342557970116153 240 195 168 0.42546648646833418 16 199 12 196 11 167 10 191 8 101
1548 2.4813845756453019 -2.0300613359425621 3.2009888660409196 75 53 37 0.18588585715762579 13 179 12 197 11 192 10 212 8 224 7 227 6 252 4 241 1 267
1549 3.4796531432766842 -1.5867566566085305 3.7954360631353214 255 255 255 0.44691450871183458 13 188 12 205 11 201 10 222 9 217
1550 3.6808812197944611 -0.27254540683025852 2.7702618050165997 10 9 5 0.52719597392698125 14 221 12 229
1551 1.5094295388096222 1.0273378822134247 4.0974831791845512 202 150 112 1.6591169205774878 13 214 12 230 11 227
1552 3.210660991348401 1.5767907991180459 2.5505719719436248 255 255 255 1.3404308721038156 13 195 14 223 12 233 11 208 11 229
1554 2.8093325601967223 -2.0578880747160819 3.4893980656592416 64 47 33 1.206507121562054 13 221 15 217 12 244 11 251
1555 1.8947273571544325 1.3820411873920522 3.4405341298960543 255 255 255 1.8338065994927408 13 253 12 268 8 303 6 355
1556 2.6295508636968932 -1.0492513931023875 2.7402490066115957 223 174 149 1.212842666027079 13 259 14 260 12 273 11 266 10 290 9 285
1557 3.4156909744341317 -0.85004789011962756 3.9924594113015406 255 255 255 3.3659271230269185 13 264 12 275
1558 2.8679677892203239 -2.2840247300634933 3.2740254551977332 70 51 36 1.1401215300297591 12 294 11 287 10 310 9 305 8 326 7 343 6 385 5 354 4 358
1559 2.1506544166920967 1.1349616468343737 3.9535307160756226 35 22 17 1.8970436671705979 16 52 13 44 12 89 25 52 24 54 20 106 18 119 9 127 7 54 6 112
1560 2.5590811990663789 1.4651584731076339 2.8823282728791533 234 234 234 0.9018742266618619 13 158 14 162 38 202 36 214 35 236 34 220 33 218 32 199 30 193 29 184 28 178 27 219 26 166 25 163 27 182 24 165 23 172 22 150 21 192 20 145 19 170 18 148 16 151 15 153 12 171 10 184 9 227 10 230 8 189 9 181
1561 2.6059576032418192 -1.9841070478579836 3.3800838145000105 83 64 48 0.53349118565612252 12 17 11 9 9 14 8 17 7 18 6 28 4 18 3 16 2 15
1562 3.4154979264107101 -1.5782724383333131 3.7263029243261689 129 96 61 0.28716127882693776 12 41 11 23 10 33 9 79 7 80
1563 1.9681421011872609 1.0191279315205035 4.5333625434722151 201 149 113 1.6597631502584715 12 163 10 178 9 92
1564 2.6176786638805849 -1.5690762145387074 3.3434818696715891 190 121 96 0.27593654408100071 14 30 11 54 10 26 9 72 7 30
1565 2.544656703970503 -1.1354502885014761 2.5705456691453659 118 20 19 0.21605816239235665 12 76 11 59 10 77
1566 3.4279138567088809 -1.1405218384248106 3.6699585752955075 62 42 21 0.026563725654869759 12 84 11 67
1567 2.1419293456675219 1.0645443844306515 3.9306380811515531 60 44 35 0.40496717204443766 13 88 11 69 10 84 9 91 8 57 3 54
1568 2.6018129179141485 -2.3904006901183705 3.2116464609216417 99 78 60 0.1452919167449187 16 4 11 75
1569 2.6093096927908319 -1.5719677463227633 3.4259855285043184 171 101 84 0.14363523283725754 12 138 11 127 10 149 9 149 8 160 7 168 6 184 5 176 4 177 3 173 2 123 1 144
1570 2.6218087262191632 -1.5764030659083428 3.426740035328824 171 101 84 0.052930597202563212 12 139 11 128 10 150
1571 2.6585708150160232 -1.6181385166700297 3.3666301488855055 171 110 90 0.44693314913411752 12 140 11 129 10 151 8 114 7 124 6 89 4 80
1572 3.4541148248994191 -1.817499606825518 3.7286909234728189 25 11 5 0.75044782765373752 12 145 11 133 10 155 9 196 8 212 7 217 6 263 5 246 4 251 3 280 2 277 1 300
1573 3.4447461372113226 -0.94402350558190173 3.7744349155439565 104 73 45 0.5157775187458935 12 116 11 149 10 208 9 199 8 221 6 274 5 257 4 263
1574 3.303699548141299 -0.46821376130579773 2.9292560642335257 255 255 255 1.1675951495601082 12 158 11 152
1576 2.6158988114938677 -1.7533699513841097 3.3782813974517234 219 168 143 0.13686889340692321 12 182 11 176 10 204 9 192 8 207
1577 3.4781095348967082 -1.1295346388561474 3.7427061128503376 100 72 46 0.26768049704510943 12 206 11 203 10 223 9 218 8 264 7 275 6 301 5 283 4 289 3 289 2 283 1 309
1578 2.9927477115913743 -1.3925680968260057 3.5314481397694966 48 32 15 0.52899760286132713 12 223 11 224 10 247 9 242 8 278 7 293 6 323 5 315
1579 3.4041650084189667 -0.82850816423681017 3.8406160255914288 34 16 4 0.58817560701890703 12 209 11 225 10 264 9 266 8 282
1580 3.5038579640206451 -1.4290523067250296 3.7790041370696139 41 22 9 0.58475207152962339 13 207 11 234 1 322
1581 3.525236163224565 -1.2171352733343777 3.8062065006207559 17 7 2 0.63842464369447582 12 225 11 235 10 249 9 265 8 280 7 294 6 334 5 299 4 304 3 321 2 320 1 337
1582 3.4634984757635014 -0.41628557659843146 2.9020119201003305 0 0 0 0.24113885667339247 20 80 22 114
1583 2.9332304683408301 -0.58318097945932734 3.9690777904070531 12 10 9 1.5999760078875873 12 263 11 246 10 265
1584 3.0546370125963089 -0.63942884960590451 2.9886466350652445 229 189 149 0.51196591148358706 8 290 7 304 6 337 5 302 4 308
1585 3.3120122879260641 -0.20954810174987312 2.8079699385448427 11 9 6 1.6263589822781899 11 256 9 268 8 269 4 147
1587 2.6799592945930124 -1.1953345080472468 2.3793307288875956 255 255 255 1.5686264380742965 12 279 11 270
1588 2.7245042972458222 -1.0246351119832611 2.4674283610423262 255 255 255 0.98626722484811746 12 280 11 271 10 298 6 370 4 347 3 351 2 346 1 357
1589 3.4720806215452034 -1.359815954107084 3.7602898270286143 98 73 53 0.83530137782824732 15 80 14 87 13 116 14 120 12 111 16 80 11 106 14 148 13 141 12 151 11 142 15 104 10 121 10 162 10 207 9 161 9 198 8 170 8 219 7 221 7 251 6 196 5 184 4 186 3 236 2 231
1590 2.5352183558784671 -1.1503859734859714 2.608395488759657 102 10 8 1.643863845665001 29 110 26 82 20 40 16 41 15 39 11 24 12 43 33 46 30 59 29 109 26 81 25 79 24 85 23 129 22 77 21 101 20 76 19 61 18 59 17 67 16 106 15 72 14 79 13 79 11 58 10 76 9 35 9 80 8 89 7 82 6 97 5 35 2 47
1591 2.5432565759622818 -2.3780889904851805 3.1400977268198007 85 69 53 0.32628357337362573 12 2 10 0 8 0 7 0
1592 2.377655398064662 -2.1349188247361091 2.962846031669756 131 95 71 0.14527342212661937 15 10 10 2 7 10
1593 2.377655398064662 -2.1349188247361091 2.962846031669756 131 95 71 0.14527342212661937 15 11 10 3 7 11
1594 2.5344515636494589 -2.0720192609468451 3.2815156106541195 54 35 22 0.15144579376032485 12 14 10 7 4 14
1595 2.740338080820965 -1.6439657065906019 2.3367234542220445 158 108 81 1.2442316430170819 11 48 10 24 9 22 8 36
1596 2.6655153410168486 -1.4469609517490727 3.3303323171595585 171 119 99 0.29563739588064264 13 77 10 31 9 77
1597 2.7900969766185342 -0.67219289870857601 3.6624651055222399 186 140 99 0.45330661438991771 11 29 10 40 9 43 8 52 6 207
1599 2.1411130319905158 1.1742028478750133 3.8564916716678046 16 12 11 0.27715610244552691 11 70 10 85 8 58 7 94 6 68 5 105 4 103 3 112 1 121
1600 2.5582224439584751 -2.4269565008912362 3.1487809834869647 54 41 26 0.50083737926723026 11 74 10 88 2 149 1 168
1601 2.5886732435839681 -2.0673263309458063 3.3420741633252606 48 30 18 0.28317410057506487 13 93 10 94 9 101 7 108 6 123 4 110 2 112
1602 2.6196374521466477 -1.9725458277067178 3.3966250180005502 62 42 25 0.14170314230768663 11 81 10 96 8 149 7 157 6 173 5 164 4 164 2 157 1 182
1603 3.1457175830565971 -1.4392674948920643 3.5983538869499325 102 86 67 0.93948722716405797 11 26 10 118 9 117 8 169 7 220 6 268 5 254 4 262 3 267
1604 2.6020575305275644 -0.88020779585826781 2.7388363953845509 142 97 79 0.24455980961524354 11 108 10 123 7 143 6 151 5 139 4 137 3 140 2 100 1 114
1605 3.5139297185566605 -1.281811614344093 3.8197487708571405 44 27 9 0.39762800379579866 11 145 10 165 9 164 6 199 5 186
1606 2.5278213267331417 1.1393300999691669 4.6808745700798804 255 255 255 1.8254486802109788 11 156 10 179 9 175
1607 2.6137784642987003 -2.2891218195508349 3.3203672616041509 104 83 66 0.22287794611753209 10 194 9 186 8 197 7 203 6 223 5 212 4 213 3 217 2 212 1 243
1608 2.709609708690206 -1.835346395092526 3.5067727275537521 206 137 109 0.39357999940666233 11 123 10 200
1609 2.5096301107925756 1.1520481561653388 4.6427931477134958 142 119 99 1.267245045275547 11 157 10 210 7 297 6 309 5 287 4 314 3 312 2 292
1610 3.4678963153996065 -1.6472921170300274 3.7469844768669436 31 15 7 0.3414245926146558 11 200 10 221 9 216 8 242 7 247
1611 2.8678683072198878 -2.5816701014869334 3.3271082265098753 255 255 255 2.3438791746667427 11 211 10 231 3 324
1612 2.9869993289815517 -2.0429672537645307 3.5660612115649544 66 50 37 0.067629824669972388 11 215 10 237
1613 2.8379619501926983 -1.4723791886836608 3.4642530906437141 140 107 80 0.65950857928570306 12 204 10 243 9 237 6 320 5 296 3 318 2 316
1614 3.504676051349346 -1.4152534755137898 3.7885954625740799 39 21 7 0.45988668454314724 12 224 10 248 6 300 9 244 5 282 4 288 3 287 2 281 1 307
1615 2.9786133179912326 -0.65188985791601251 3.7712079019016511 204 155 121 0.93513128238435017 11 226 10 252 9 249
1616 2.9975858323407647 -0.19480042096790776 2.9537649786849665 242 192 151 1.7264106380858424 11 247 12 252 10 266 9 267 8 268 7 256 6 248 5 232 4 146
1617 2.7407334211237444 -0.60484159581932528 3.6219377702100037 218 170 128 1.8663811119365166 9 289 8 314 7 332
1618 2.1880732199352533 0.99116677999311764 4.6768986767866734 0 0 0 0.56051421267937229 11 257 12 278
1620 2.7809194526721348 -1.9797523060360966 2.1666113773304203 255 255 255 1.4223071655921411 10 308 9 299 8 318 7 337 6 375 5 336 3 338
1621 2.2093481205375722 -0.00034610111412687367 3.8606338301135357 237 196 152 1.9614424882207355 11 288 12 295 10 311 9 304 8 325 7 342
1622 2.4159176264012383 -2.1939461205023232 3.018826549863816 101 71 49 0.56111738393075938 15 117 12 123 10 139 19 4 17 6 15 8 14 3 13 6 12 8 9 136 8 143 7 152 6 165 5 158 4 154 3 157 2 152 1 174
1623 3.0083147512581219 -1.6215749872482736 3.576599042764709 56 45 36 0.26841936104463709 10 30 9 31 8 41 7 74 6 92 4 83 2 86 1 94
1624 2.0802465721831922 0.5121895012559019 3.7896424346229507 101 73 48 0.25515385583585254 21 45 9 45 4 53
1626 2.5478193932002386 -2.1867995015825317 3.2733511276194611 75 57 43 0.10047736859749952 10 54 9 51 6 71 3 61
1627 2.5497268790185306 -2.187551169603553 3.2732267309740988 75 57 43 0.069969133924350321 10 55 9 52 6 72
1628 2.738279019522234 -2.2614740819919441 3.4249696269247534 58 39 23 0.21577883148960902 10 59 9 56 8 68 5 57 4 59
1629 2.7564563279593304 -2.2706459844569391 3.4248919107725908 58 39 23 0.18684237840263243 10 60 9 57 8 69
1630 2.6225270152749269 -1.5854949242556637 3.3075599468585928 160 87 60 0.84736108206448457 14 72 9 73 8 85 6 186 5 178
1631 2.5700755987948867 -1.2829773042947603 2.4837022865177012 234 186 159 0.34775366902984395 10 113 9 78 8 47
1632 3.4499423608463804 -1.1472900222194511 3.6732991620488771 62 43 21 0.26974589957074768 10 81 9 85 8 92 7 88 6 101 5 100 4 94 3 103 2 96 1 111
1633 2.9627620238473251 -0.86050442954366246 2.8879840936796617 186 153 123 0.46129107533376335 10 127 11 147 9 87
1634 3.2099501747097308 -0.20834878293852191 2.8885672171908658 35 23 19 2.1755755791085138 11 33 14 44 6 66
1636 2.4447842256473762 -1.6483751527974553 2.6566484091705984 179 151 143 0.17197083986400175 10 99 9 107 8 79 7 118 6 84 5 81
1637 3.3264472770779645 -1.9257799138615941 3.6622567913469064 104 82 62 2.0006956185089839 10 71 9 109 8 159 7 214 5 243 6 260 4 248 3 256 2 254
1639 3.3947663710554759 -1.2119589327759381 3.8240559557904086 35 23 7 1.0172356935084039 10 80 9 120
1640 3.4923344117097552 -1.2767476337521708 3.6073659148713926 32 19 10 0.15644520152488731 10 122 9 121 8 127
1641 3.458820841221105 -1.1816385285483768 3.7257071677375309 23 9 3 0.24055966794877964 10 125 9 124 6 152 4 138
1643 2.4778376905315667 -1.3108501903745289 2.425091418679179 160 108 93 0.42216134937455913 10 154 9 152 7 173 4 182 2 132 1 149
1644 3.1340411894360711 -1.5747089550247619 3.6026846702284612 52 41 28 0.66246013646342738 10 111 9 154 8 165 7 174 6 239 5 226 4 260 3 284
1645 3.3457478240856218 -1.6115416748005984 3.6318924929691327 12 4 1 0.77292529743976335 10 159 9 157 8 215 7 248 6 293 5 278 4 284 1 304
1646 2.4224558821384998 -0.45868208788900744 3.9413174841266607 233 183 149 0.24544954520740259 10 172 9 172 8 222 7 254
1647 2.6137784642987003 -2.2891218195508349 3.3203672616041509 107 86 68 0.22287794611753209 10 195 9 187 8 198 7 204 6 224 5 213 4 214 3 216 2 211 1 242
1648 3.3442718519900385 -0.40743136362079341 2.9125548044641225 255 255 255 0.95221086167536806 11 153 9 200 8 177 7 187
1649 2.7764260512198033 -2.2107224024760583 3.4425506139616413 102 80 61 0.18916534039210398 10 198 9 204
1650 2.621931697377565 -1.5286138095120005 3.4171754549335605 211 146 127 0.30447140651255883 10 205 9 212 8 237 7 241 6 264 5 247 4 253 3 259 2 258
1651 3.0546617430017506 -0.20313846945846376 2.9344751211172713 240 191 151 1.0389201657097829 11 238 9 220 8 247 7 224
1653 2.6081692185345382 -1.7621033726179689 3.404141851376786 224 173 147 0.10213450263036898 10 240 9 234 8 259 7 262 6 285 5 272 4 276 3 277 2 273 1 294
1655 3.5544648961048901 -1.1148761716461866 3.8594128125771352 255 255 255 1.9669118860658201 12 226 9 246 7 276 6 302 4 305
1656 3.5397612300030463 -1.0162663884968623 3.810712887011984 27 12 3 1.2054678852278786 10 250 9 248 8 265 7 253 6 303 5 284 4 291 2 284
1657 2.5093855036609307 1.1521365861685151 4.6431193265365067 138 117 100 1.304433709169462 11 158 9 253 7 298 6 308 8 183 5 288 4 315 3 313 2 293
1658 2.427579424991996 -2.2306682100733832 2.6981951992131488 220 173 145 0.43431074722761354 10 256 9 259 8 272 7 284 5 269
1659 2.4230595271833177 -2.1914121463096334 2.7988059046842011 215 170 143 1.5567538548611644 9 276 8 294 7 309 6 345 5 308 6 328 4 317 3 298 2 298
1660 2.6839440414810305 -1.8055621069073005 3.4495448408939455 205 141 117 0.94862417418525136 10 279 9 279 8 304 7 319 6 366 5 337 4 343 3 347 2 342 1 359
1661 2.1252996493755401 0.83812505046846786 4.5397490679053814 148 109 78 1.079148365170242 10 312 11 290 9 307 8 330 7 346 6 389 5 357 4 357 3 365
1662 2.6631871579720476 0.72853026534397713 3.2588003110432804 0 0 0 1.87479945611985 10 315 11 292
1663 2.4185343046718382 -1.483696525989701 2.7340323108193472 245 194 162 1.3465079313432207 11 269 10 296 9 290 22 253 23 274 21 258 20 252 19 238 18 227 17 237 16 264 14 271 13 270 12 287 11 279 10 307 8 312 7 330 6 368 5 339 4 335 3 340
1664 2.6285657544588399 -1.7283713756715731 3.3450361626620357 94 34 19 1.1449268003701272 20 29 17 23 16 30 15 65 14 68 13 68 12 102 11 91 10 104 9 146 25 32 24 78 23 119 22 95 20 120 19 113 18 133 17 146 16 167 15 162 14 174 13 165 12 136 10 147 8 157 7 164 5 125 8 111 4 168 3 169 2 164 1 193
1665 3.3181503249085416 -2.6494020580894433 3.4357133551880157 134 109 86 0.25612146513918727 9 8 8 6 7 12 6 12 5 56 4 6 2 2 1 2
1666 2.4396602372168634 -2.1393882052571929 3.1186666203171698 110 85 67 0.36811921336591497 10 5 8 8 6 17 5 11 4 12 3 6 2 6 1 9
1667 2.4396679453491426 -2.1391754953392592 3.1184661719839291 110 85 67 0.37473650824749677 10 6 8 9 6 18 4 13 3 7 2 7 1 10
1669 2.6185702684742198 -1.7068137191321584 3.3150723428747 167 109 82 0.12024250756824752 10 21 8 35 5 23 4 25 3 30 1 44
1670 2.890094069874984 -1.5327853108320875 3.5010270423050711 66 49 26 0.1088886383174035 9 34 8 45 7 77 6 52 5 91 4 86 3 93 2 88 1 96
1671 3.4069905742971516 -1.8451349461780446 3.6541694702709497 87 66 49 0.15619304359257932 9 74 8 86 7 73 6 90 5 88 4 82 3 86 2 84 1 93
1672 2.8242728287596046 -0.61998797938168482 3.8215659049912438 220 169 133 0.59443681109541435 10 82 8 95 7 90
1673 2.9405170562133063 -1.8523581409928651 3.5920014003422001 71 55 42 0.70012664340135744 9 108 8 110 7 211 6 231 5 223
1674 2.6132844645407065 -1.6555340921830402 3.3200465376666144 122 60 38 0.58067427281009842 9 69 8 112 6 134 5 172 6 181 4 170 2 166
1676 2.8500161542337303 -1.9803323002344311 3.5481179656966515 66 47 33 0.55397860359337636 9 104 8 151 6 176 7 160 4 219 2 218
1677 3.4194344539372294 -2.0406949023472758 3.687843979947135 43 25 10 0.83457784023777903 9 148 8 156 6 257 5 240 4 247
1678 2.8133834930407819 1.1941264955673427 4.510672896317339 94 81 68 1.3052339618941169 9 94 8 184 7 257
1679 1.9421204084057315 1.3235235035094621 3.7379360210882955 255 255 255 1.6477436563215424 9 183 7 149 6 118
1680 2.3520259309115374 -1.717788736764188 2.8233711786561604 176 135 114 0.3695247849153056 21 119 8 203 6 175 3 166 2 163 1 191
1681 3.3723789958292549 -1.6809443837765514 3.6755130750462897 78 56 40 0.18375776101483535 9 153 8 213 7 218 6 238 5 250 4 259 3 264 2 261 1 279
1682 3.3394375617051217 -1.6098894752646538 3.6326349433692662 9 3 1 0.75831213550354881 10 158 8 216 7 249 6 294 5 279 4 283 3 266
1683 2.8366475293772977 -1.8226278638365021 3.5429177750673531 77 57 38 0.34694569134398523 10 146 8 232 7 263 6 286 5 273 4 277 3 278 2 275 1 297
1684 2.6018225519942835 -1.0831666230956638 2.5818343338790077 170 103 90 0.40657982391254105 9 243 8 243 7 250 6 243 5 228 4 228 3 184 2 180 1 208
1685 3.4041342232757716 -2.6681297014392902 3.5331006805923422 255 255 255 0.62302371681871238 9 260 8 273 7 285 6 315 5 292 4 271
1686 3.6355511146800232 -2.2977159314858748 3.6790987608028618 255 255 255 0.84543815154931212 9 229 8 275 7 289 6 319 5 311 5 325 3 326
1688 3.0206296508995258 1.6119603669557239 2.7242972454234256 9 8 6 2.369198536962871 10 302 8 309
1689 2.1592027305033801 -0.20049802975964925 3.5841727415747187 8 7 5 1.2440480911999878 9 300 8 320
1690 2.1063688305686021 0.56951576245854618 4.0285987710662416 218 176 142 0.9982389478515149 9 306 8 329 7 345
1691 2.8030307587016745 1.6971142873791194 3.1759729080901309 255 255 255 0.72629576987974298 9 308 8 331
1692 2.1007218640078555 -2.1358708031929545 2.934213614924126 140 110 87 2.5888094914358493 8 1 7 1 5 51
1693 2.4599059226539151 -2.2117835939373802 3.1135312806890232 102 80 61 0.10995400229443356 9 4 7 8 6 10 5 4
1694 2.4599059226539151 -2.2117835939373802 3.1135312806890232 102 80 61 0.10995400229443356 9 5 7 9 6 11 5 5
1695 2.6115877161406651 -1.5097228503695643 3.3720507329046945 63 46 39 0.1059072139446162 9 28 7 32 6 47
1696 3.4193821902197459 -1.7907970625303371 3.69053432318564 126 100 77 0.22343542288772872 9 30 7 35 6 94 4 81 5 129 3 85 2 85 2 172
1697 2.3929431957064802 -2.090833875182271 3.0908815665136147 122 94 72 0.3928140769670283 8 64 7 60 5 60
1698 2.8521368529759705 -2.004903281900734 3.5573416610889965 55 39 24 0.17292452661465746 8 22 7 65
1699 2.6227717388608847 -1.6034456560113821 3.3357124165493386 184 125 105 0.74874028398110004 8 84 7 71 6 137 5 126 4 122 3 128
1700 3.5325353035039426 -1.2034883555062044 3.8423588107295035 28 22 11 0.42542858298227293 8 91 7 87 6 100 5 140
1701 2.6993060149064387 -2.071727498776526 3.4651295095206933 55 38 24 0.25310461973352832 8 105 7 112 6 125 5 117 4 163 3 160 2 156 1 181
1702 3.0326673273860703 -1.5454471984792859 3.5761526090926643 31 18 8 0.37402662898132738 8 118 9 33 7 130 6 140 5 130 4 125 2 129 1 202
1703 3.5078648788337978 -1.133909963499208 3.6094672822226248 73 59 35 0.31299051708579878 8 132 7 144 5 142 4 139 3 105 2 97
1704 3.2970880338211708 -2.7548248286779149 3.3731793379720831 69 54 39 0.3086431377550235 8 141 7 151 6 162 5 156 4 152
1705 2.6860287378295129 -1.5573265156035379 3.4660201888425504 107 71 52 0.031718454173280772 8 116 7 171
1706 3.5753625649670404 -0.97951397802502116 3.8274709790414034 21 11 4 1.4823690298735899 10 170 7 184 5 190 4 189 3 106 2 184 1 155
1707 2.0996188368230349 0.93007028321751706 3.8675300588519361 8 4 3 0.59018948700237417 14 159 7 189 3 197 1 220
1708 2.4726419524479861 1.0768210176728852 4.6749060612979534 255 255 255 1.6462967354655367 7 190 6 210 5 196
1709 2.6358820679784785 1.1100235103665657 4.6924340687410382 255 255 255 1.1378293940471145 8 98 7 191
1710 2.7151103868635991 -2.2842616554832853 3.4122792565902658 111 89 68 0.37046960108065397 8 147 7 202 6 168 4 212
1711 2.5802106244979091 -1.7402477636558877 2.3861116059098091 222 179 156 0.83395366423541406 9 207 7 210 6 179 5 170 4 117 3 81
1712 2.6943439239664628 -2.1655217692420718 3.4418258168966931 100 78 59 0.28167432939160664 8 199 7 226 6 251 5 234 4 240 3 249 2 244 1 245
1713 2.5040627717467752 -1.440780896860931 2.4578389636655604 207 159 138 0.43741825040603927 8 235 7 239
1715 3.448669454235997 -1.0569729581645926 3.6839076956718051 30 9 2 0.21219296440391339 8 244 7 252 6 273 5 256
1716 2.6807128351352825 -1.577950534814998 2.3544904458539508 255 255 255 1.2950358101105375 8 261 7 266 6 262 7 235
1717 1.8134408190692684 1.0192104053377915 4.495825242552324 201 149 112 0.048621410192352464 8 249 7 279
1718 1.8881493206684516 1.0268538059845389 4.5066357244133597 201 149 112 0.51178202599341571 8 250 7 280 6 307
1719 2.5546998800953613 -2.0748982895164945 2.4105572398455171 245 198 172 0.58833595470460831 8 286 7 286 6 318 5 270 4 273
1720 3.3915958793143601 -2.4879016546285051 3.5431999255459701 41 25 13 0.30144513702547338 8 274 7 301 6 329 5 309 4 318 3 316 2 314 1 330
1721 3.1191963736121324 -0.72152177652699112 3.8787365810622618 35 16 6 1.7632691714020912 6 362 5 329 4 338
1722 3.2190760067631032 -1.6586493310125057 3.6027986009456212 49 42 36 1.5214784798752459 7 338 6 380 5 351 4 354 3 360
1723 2.1707091903860367 -0.15283717570846453 4.3302696605277582 174 127 94 0.009195760252379356 9 302 7 339
1725 2.648211144592536 -1.7034541468873112 3.4209508325422671 157 97 73 1.3192429895055631 12 135 9 145 7 119 23 117 22 123 21 126 20 118 19 114 18 76 17 119 16 127 15 95 15 129 14 104 13 66 12 101 11 50 10 102 9 66 8 81 7 28 6 133 5 85 4 76 3 77
1726 2.6530388743628253 -1.4003164690949317 3.2747054881342224 171 124 96 1.0688054481070908 10 112 9 114 8 119 7 131 16 133 15 134 14 143 19 35 18 82 17 99 16 103 13 172 12 186 11 136 10 156 9 156 8 214 6 241 5 93 5 251 4 127 4 261 3 95 3 265 2 176 1 97 1 255 1 281
1727 2.6998018357793847 -1.7606864548896506 2.3105238479373313 119 83 61 0.59895539533855591 16 223 15 218 14 208 13 198 12 215 8 231 9 208 7 234 10 236 9 232 6 230 5 222 4 174 3 171
1728 2.7162808138796728 -1.5161098206255517 3.4309136906143709 61 42 33 0.38046929931484402 8 238 9 194 7 242 6 289 7 267 5 275 4 299
1729 2.5597594177942784 -2.2530902920562377 3.2716259876190801 91 73 57 0.070735172307420532 11 3 6 15 4 8
1730 2.8415303389837425 -1.8983122606443525 3.5628991628561466 60 41 25 0.13208408171305203 7 24 6 34 5 20 4 20 3 23 2 19 1 86
1731 2.5458667083980324 -1.5977134048723574 3.4748814905640923 188 113 95 1.9914791867047594 8 39 6 43
1732 3.422626438315246 -1.8336949032193119 3.6403509301461234 19 7 1 0.28982268971873404 8 40 6 45 4 33 2 38 1 51
1733 2.625372218186814 -1.4557632505266749 3.2752174039096613 164 116 90 0.24044468258376681 7 33 6 48 4 34 2 39
1734 3.3936481516600363 -1.5516959518864215 3.7127557759607912 79 49 22 0.3644145871197787 11 25 6 55 5 33 4 38 3 42 2 43 1 58
1735 3.0834174150747455 -1.4560792671491762 3.59735989035382 52 39 23 0.30774676695519759 7 39 6 56 4 41 3 96 1 99 2 91
1736 3.4417357815236174 -0.90610011163235582 3.6966657954884008 45 24 5 0.28167296895434202 7 48 6 64 5 101 4 50 3 51
1737 2.3919033029762162 -0.44784817196232546 3.8763578563352454 25 17 12 0.22237318530267286 8 53 6 65
1738 4.2188805336118662 -0.32824217627960872 2.8129627731119893 0 0 0 1.8613673822031696 9 89 10 83
1739 2.6633517689848336 -2.3945966846282611 3.3129179059482903 112 90 71 0.20907808335313807 7 3 6 69 5 1 4 0
1740 3.5774392427256618 -0.8326148127805707 3.8946985763325537 91 73 57 0.33857331426309667 7 146 8 93 6 107
1741 2.5786297464438759 -2.0629124535171384 3.3449390837164743 50 32 22 0.20717108731428999 7 109 6 124 4 111 2 111
1743 2.8023286411317381 -2.2845217265817044 3.4539785759802801 103 80 60 0.71891074575098735 7 155 6 170 5 216 4 161 3 159 2 155 1 179
1744 3.3174198389806469 -2.3542245825664025 3.5570017669206275 112 85 63 0.6982201210088641 7 111 8 74 6 172 5 217 4 218 3 251 2 216 1 269
1745 3.299264846473021 -1.7954673254819928 3.6323451818982733 8 2 1 1.9272663961176624 9 111 6 188 5 89
1746 3.5127659333537919 -1.5784978144069199 3.7774378333833596 255 255 255 1.0581552758477455 8 168 6 194 4 227 3 181 7 85 2 229 1 205
1747 3.3618043735657679 -2.7053043501714424 3.4469668312880177 51 36 22 0.33661361436702991 9 203 6 222 4 239 3 246 2 242
1748 2.5803989133757024 -1.8633187841472032 3.3726719825284985 221 155 130 0.47701422720565945 8 202 6 227 2 220 1 248
1749 3.4945153625269105 -1.7714755958318547 3.7637782073021846 255 255 255 1.1388203038441249 12 144 6 237 5 224 3 233 1 254
1750 3.3659738630188021 -1.5262748557658001 3.6185514204166691 24 12 7 0.46964400743913892 7 177 6 242 5 253 4 286
1751 3.5374630318726794 -1.0938184986814599 3.8435800634863027 255 255 255 1.3797597668207924 8 220 6 245 5 189 3 238 2 233 1 261
1752 2.0526048470828941 0.27184212175460087 3.7599346185182068 212 169 127 0.44725936476146461 7 225 6 249 5 193 4 231 3 193 2 236 1 219 1 285
1753 2.514923422584459 -1.6543873174219295 2.4821376482694193 231 187 158 0.78641040743944879 7 233 8 229 6 256 4 226 3 230 2 167 1 195
1754 2.8800021810537126 -1.7649914403123814 3.5618502288015805 68 50 31 0.20360171391697451 7 237 6 261 5 244 4 249 1 298
1755 2.517630620550003 -1.261708199547104 2.4688893580132598 255 255 255 0.39318095419601762 7 246 6 267 5 252 1 283
1756 3.4605563597557301 -1.6460904246982133 3.7449793098403026 30 16 6 0.26775545947102319 7 270 6 292 4 282 3 305 2 280 1 303
1757 2.4774608390814388 -2.0096962938037124 3.1877898656401769 85 62 44 0.18421193042882378 7 287 6 316 5 293
1758 2.6032050313052411 -0.98862121538604508 2.710336452850139 232 182 157 0.80362007123638912 8 288 6 333 4 303 3 309 2 306 1 308
1759 2.7067077319693835 1.520161125998347 2.8860233567164202 255 255 255 1.5902074671818272 8 293 6 341 7 300
1760 3.1498498765758263 -2.5866886335630719 3.4190475322142513 57 35 18 0.80263996169190044 7 310 6 346 5 324 4 333 3 337 2 332 1 351
1761 2.6075604198337476 -1.5551900514621309 2.3387497038180785 255 255 255 1.1977201415798227 6 347 5 326
1763 2.8936933014376232 1.4578236264159261 2.5743687714967622 255 255 255 1.7138252966417591 7 327 6 354 2 339
1764 1.9668027938178108 1.4109393427881975 3.4213994381998516 0 0 0 0.19914737183232611 7 328 10 303
1765 2.7448085644773794 -1.2862510760856185 3.3998686391571087 181 134 104 0.3725723635958712 7 321 6 357 5 332 4 336 3 341 2 335 1 355
1766 2.1787624463120614 -0.15361234455623302 3.5630429317867982 8 7 5 1.6956772895380059 7 341 6 382
1767 2.0679595598777003 0.087587043420714147 3.9100481867312515 233 191 149 0.81348574882640823 6 387 5 356
1768 3.4865557321410234 -1.5756191858857773 3.8047831486410466 255 255 255 1.4073182678343794 13 206 12 238 10 263 8 279 6 297 11 223 9 241 5 280 4 285 3 285 1 321
1770 2.6893174596519041 -2.3975685264361317 3.2690561696005926 50 32 18 1.4238435309841628 7 4 5 2 4 3
1771 2.6659069206530033 -2.3865427947981912 3.2780989832263887 50 32 18 1.7434333804822721 7 5 5 3 4 2 6 6
1772 2.6135632411112821 -2.0291589637385812 3.3885631385062758 57 38 22 0.25225083441296209 7 17 5 16 4 17 3 15
1773 2.632512456643251 -2.0112256896693639 3.4182152261117893 55 35 19 0.2490911636653779 9 13 5 17 3 14
1774 2.5450506403593343 -1.810398271379362 3.2952091411085531 133 90 70 0.19911626644969607 6 37 5 22 2 20
1775 3.429172574836282 -1.4116527329137252 3.7595017215795004 33 12 3 0.33874955963511844 9 39 5 38 4 43 3 46 2 48 1 64
1776 3.4671097850427275 -1.1018397718143103 3.779687406701318 77 52 28 0.75503263014952682 7 47 5 40 4 45 3 101 4 95 1 110
1777 2.1437347730523966 -0.0043443253842391808 3.6918363448780864 150 112 87 0.067374830192459892 10 44 5 44
1779 2.6910277696105411 1.1340372380130854 4.4759652372639023 255 255 255 1.5178428352949529 6 111 5 47 4 201
1780 2.5788447937709171 -2.1591797743426837 3.3183610839219195 81 63 49 0.66252902973517158 6 23 7 107 5 61 3 64 1 78
1781 2.5788447937709171 -2.1591797743426837 3.3183610839219195 81 63 49 0.66252902973517158 6 24 7 106 5 62 3 63 1 77
1783 3.3778078590255305 -2.4299537036573584 3.5467808505492822 25 11 3 0.12780940729491258 6 76 5 66 4 65 3 67 2 72 1 81
1784 2.9015971282342981 -1.9449768132212313 3.5838068840635895 45 32 20 0.14611827985812334 8 27 5 73 3 123 2 117 1 138
1785 2.6057753139639659 -1.7909515107898266 3.4687112586831943 168 90 69 0.32110622146311735 6 36 10 12 5 74 4 21 2 75 1 87
1786 3.0735044311282671 -1.4070239747772151 3.5938731379664177 101 85 66 0.20029553708678038 6 57 5 96 4 42 3 97 1 60 2 92
1787 3.8629498502559225 1.3750945285753831 4.1729003618986136 16 14 17 0.7430965405697012 6 117 5 108
1788 3.5117901769913153 -1.1350532503593134 3.6082837333720583 73 61 35 0.28825421405479829 6 102 8 131 5 141 4 140 3 104 2 98
1789 3.4416551300130398 -1.0144034787227041 3.6342303732953631 82 63 39 0.5051722638340812 7 145 5 145 4 96
1790 2.5110777757489449 -2.4114159820379584 3.1164265459244014 68 53 38 0.014431826948553514 6 160 5 154
1791 3.3897532920858078 -2.6963464047916519 3.4620547296983957 42 29 14 0.21650976249898202 7 154 5 160 3 153 1 169
1792 2.7256686155472476 -2.289885542394738 3.4110360813734188 109 85 65 0.39598409843686194 6 167 5 161 2 210
1793 3.4565628351626008 -2.4382254141000779 3.5798626699722322 28 18 8 0.1927082594864219 6 171 5 163 4 162
1794 2.5966207528447049 -1.5671910343490831 3.4290027716947007 172 102 84 0.059311113032241708 6 185 5 177 4 178
1795 2.1169688031512508 0.96588134348859922 3.8720176457730155 9 5 4 0.53572043515769929 8 180 5 195 1 158
1796 2.4413593343462803 1.0682829996336491 4.6745473929726016 255 255 255 0.90194036780894893 6 211 5 197
1797 3.3569061611497375 -1.704518530076143 3.6106976105922417 11 4 3 0.99932183766149085 6 191 5 225 4 258 2 260
1798 3.6352376286928472 -0.80852353657212972 3.9327926480571924 61 43 22 0.70586563311573214 6 275 5 230 4 192 3 240
1799 2.8079406946318675 1.1887671171028862 4.5034034149129401 102 89 77 0.84561953934476286 7 148 5 262 4 294
1800 2.8079406946318675 1.1887671171028862 4.5034034149129401 102 89 77 0.84561953934476286 7 147 5 263 4 295
1801 3.8871612997900531 1.3256075313263638 4.2104512314568403 255 255 255 2.5950615190327913 7 197 5 264
1802 3.0525658899432719 -2.6902796402383764 3.2594286930572482 255 255 255 0.70886372251763108 6 159 5 268 4 270 3 297 2 297 1 329
1803 3.4876832658524686 -1.7644837400527966 3.7789067872626729 255 255 255 0.5764517181258989 6 291 5 277 4 281 3 283
1805 2.1704285790606144 1.1654168285512896 4.0562367463405371 21 19 20 1.0817748524691151 6 312 5 304 4 325
1806 2.6918476048457172 -2.0057047351854065 3.4797695962556023 62 44 32 0.59559599507536254 6 330 5 310 4 326 3 325 2 324 1 343
1807 2.5837061514561701 -1.2443887341530357 2.4537906074881493 255 255 255 0.57536694296477398 6 332 5 317 4 323 7 313 3 319 2 318 1 334
1808 3.4043647967542006 -1.2395373567425854 3.5212723892615845 255 255 255 1.2321834395425264 6 324 5 318 3 327 2 325 1 356
1809 3.5665488069682687 1.3020981037586172 4.1506799943082866 17 15 18 1.0895435653871304 6 311 5 322 4 332 3 333
1810 2.6869818740496316 -1.8099010033773255 3.4486335867803959 185 107 88 0.56546585409704064 6 367 5 338 4 344 3 348 2 343 1 360
1811 2.5186038420781318 -0.36735170321146138 3.8774621194150813 244 202 161 1.3695686876992692 6 363 5 343
1812 2.1554284693310071 1.0206438911025502 4.0408142383870969 215 171 136 1.5541501168695349 7 326 5 344 4 349 2 348
1813 2.4180601507532633 -0.14305952909260561 4.3389278768018436 165 121 89 3.1664960182169395 6 383 5 352
1814 3.4870560097202352 -2.1754979583167735 3.0956983486448721 0 0 0 1.0863058494470386 9 310 10 314 7 349 8 332
1815 3.5329239119391525 -1.3735452795889667 3.5512349888548944 57 50 30 0.49450797400447838 7 139 6 148 5 99 9 119 8 126 4 92 3 100
1818 2.5464331973603507 -2.2282784152073503 3.2520299372796075 81 61 46 0.36536516120259455 10 4 4 10 2 5
1819 2.4802353902964613 -2.122005376787865 3.2147329231588953 86 64 48 0.19453015274536573 6 16 4 11 3 5 2 12
1820 2.8096838194568594 -2.1098961435394012 3.5115055160563742 83 69 56 0.086583052963369975 5 15 4 16 3 13 2 14 1 22
1821 3.4255375457642123 -2.1982678942026275 3.6222100426382173 122 93 68 0.1245565500711668 6 33 4 19 3 20
1822 3.3734298685231363 -1.8797017475945799 3.6388366071899658 64 46 34 0.13936153201436766 5 29 4 32 3 37 2 36 1 50
1823 3.3020948493551976 -2.5772974418503574 3.4263252328026605 48 35 18 0.21359504924667858 5 115 4 62 3 62 2 65 1 15
1824 2.3730537176742206 -2.0302059171134168 2.9861354570114926 171 135 112 0.16908650883958115 5 64 4 64 3 66 2 71 1 80
1825 3.2719318718043748 -2.1966246751590623 3.6003301179909761 34 18 6 0.28530969936979672 5 72 4 71 3 121
1826 2.4148252451669006 -1.6451800635424749 2.6936185693750976 76 54 38 0.28121001947661345 5 79 4 74 3 32 2 31
1827 2.4199006371826304 -1.6476084384018292 2.6912614354536877 76 54 38 0.2583678562301357 5 78 4 75 3 31 2 32 1 46
1828 2.4255830077184131 -1.3309329317074967 2.4531839906378243 183 137 123 0.17902314154260793 5 90 4 85 3 88
1830 3.2896960309863514 -2.3928901775606399 3.523391737959459 23 11 6 0.18833528612244418 5 65 4 112 1 180
1831 3.4080154299017469 -2.2140478171850138 3.6428744103669333 25 17 8 0.60801911305949641 5 119 4 114 3 164 2 221 1 188
1832 2.7348398939317522 -1.8019659378341351 3.5106000485386257 158 125 101 0.12732075242380797 5 83 4 118 3 167 2 224
1833 2.7512856497664164 -1.7532913122589349 3.5086191844358536 164 128 103 0.14331768344743936 5 84 4 119 3 168
1834 3.2418589649183587 -1.8681806971786503 3.643340582099623 30 15 6 0.85774248260208297 5 27 4 121 3 126 2 120 1 197
1835 3.0196870563929537 -1.6694663262625762 3.5956002987903317 63 54 44 0.17074437073125689 6 91 4 123 3 129 2 126 1 200 7 128
1836 3.4214139881748862 -1.2276219264120278 3.7518410613857962 36 17 6 0.40023713610762934 6 149 4 135 3 138 1 153
1838 3.2561970617448943 -2.6886774659805348 3.3733843497936857 110 85 58 0.58193525319882888 5 157 4 156 3 154 2 151 1 170
1839 3.1811216105311448 -1.7134603626945548 3.5871206588973705 25 18 10 1.8679318042471975 6 139 4 180 2 227
1840 1.8865014491616545 1.3187574945524623 3.9303601972242403 204 159 128 0.28976103321778029 5 205 6 218 4 209 3 210 2 203 1 235
1841 3.3370857199808781 -2.1703647291355441 3.6039376933235432 137 107 82 0.54647667208865713 5 167 4 223 3 225 2 249 1 273
1842 3.3654437993065014 -1.8135977351081198 3.619692521422579 4 2 1 0.49350103914038812 7 240 4 252 3 258 2 257 1 277
1843 3.0469455780778114 -1.9785081297628491 3.6129762626616988 18 12 7 0.98222737116705305 5 241 8 109 4 274 3 300
1844 2.6041240790151137 -1.5942639168238044 2.3590628894960379 255 255 255 1.0824162543208238 4 298 3 302
1845 3.5225636364245339 -0.83701222176507328 3.6285741085435155 235 216 201 1.6860503507546867 5 301 4 307 3 290
1846 3.2673022846352344 1.5588866832756341 2.7691304357912863 0 0 0 3.1808645618190692 13 276 14 280
1847 2.6186858364097421 1.1283872845735785 4.5795254350591943 133 111 96 0.65650294062599868 5 335 4 339 3 345
1848 2.679960689617912 1.1352023670924689 4.5766753100801516 133 111 96 0.86972331078348009 5 334 4 340 3 346 2 329
1849 1.9846501177495521 0.070645336120289989 3.8926564929447447 0 0 0 0.71046188580151504 5 353 6 384
1850 2.2466433256829319 0.97944055258276452 4.6976898046587188 139 107 77 1.7257891292464891 6 327 5 303 4 311 7 305 6 352
1852 3.4104494668889167 -1.1066082998246536 3.7649140426053318 109 80 53 0.26308463034889745 4 47 3 49 2 49 1 65
1854 2.6782241617831692 -2.404380524090596 3.3091077704951606 116 94 75 0.31238652924291044 4 1 3 56 2 56 1 1
1855 2.5506054617682756 -2.0313359206241071 3.3021281805651426 67 51 38 0.13608390566513265 4 67 3 71 1 83
1857 2.8293274313530539 -2.1437664770020293 3.5205629926342845 80 66 53 0.25308142209216311 5 116 6 77 3 119 2 113 1 133
1858 2.3839078596997321 -1.6336702734390487 2.7721824201693517 177 125 95 0.34342079624049493 4 116 3 124 2 81 1 141
1859 2.9982136932090957 -1.8137174810881946 3.6070378611006455 64 54 43 0.18662601775907731 4 79 3 127 2 83 1 139
1860 3.3067502240645137 -2.7963721009871594 3.2458826346987997 98 75 51 0.21347998004240437 4 153 3 151 2 150 1 238
1861 2.8564740447184942 -1.9966677701313531 3.5512015648218003 56 40 26 0.41566624453786355 5 166 3 163 2 159 1 185
1862 2.5371302195275849 -1.5961459727787493 2.5183736801366035 184 133 105 0.089575299950527876 4 173 3 175 2 169
1863 6.621458094321631 0.46723904429684898 2.3609501943252393 126 91 61 1.7128064116473136 12 160 3 194
1864 2.1185705151846261 0.97768691046160994 3.9198116728094869 94 71 56 0.303152853880929 4 232 3 196 2 238
1865 2.2930506330950164 0.98441069515633939 4.7217016592864818 151 120 98 0.96313080630714032 4 197 3 199 2 194
1867 2.5179003490622942 1.1678344909769842 4.6626977675238752 137 115 97 0.49941532837832148 6 115 3 205 2 201 1 228 6 213
1868 2.4992517839481625 1.1666064731461057 4.6638830577269106 137 115 97 0.36137698009982672 6 114 3 206 2 200
1869 2.7059467654596148 1.6352493764060643 2.8224716264335958 8 7 6 1.3012064887727912 4 268 3 211
1870 2.7587696269567816 -2.4562297065042289 3.3275343264726254 68 52 36 0.31748534457566646 4 210 3 213 2 208 1 240
1871 2.7389427862661551 -2.3033380246202317 3.4052427364642885 107 86 64 0.14884371828546505 4 211 3 215 2 209 1 241
1872 3.3578246400702318 -2.1813350615596536 3.5969727815287156 127 98 71 0.56029789566818589 4 224 3 226 2 250 1 272
1873 2.6226629455796862 -1.6238289863112139 2.3987840120394632 0 0 0 0.45994237724403142 6 258 5 174 7 265
1874 2.5147174839451356 -1.4800313919877057 2.4839649954436083 196 147 124 0.35606553848322875 4 279 3 282 2 279 1 302
1875 2.063023326884307 1.2822845282119346 3.9659021522552593 112 85 70 0.47019911186837726 4 267 3 296 2 311
1876 3.5228405090742769 -1.3797373585438548 3.5770528451302996 20 12 8 1.4720731395068198 4 302 3 307 2 304 1 323
1877 2.6228480627109199 -1.4996068571636292 3.3323473772314105 203 147 127 0.174059692135489 4 319 3 317 2 315 1 332
1878 2.135209443759813 1.0702607380275566 4.0360938792531957 205 158 122 1.5228452760036049 4 331 3 331 2 338
1879 3.5328222657641462 -1.0120025466527205 3.9252928478657214 255 255 255 0.51517872188276592 4 337 6 360 3 342 2 337 1 358
1880 3.5335460454094152 -1.2096832265651145 3.7112767050145181 24 12 5 0.62321192144075888 4 353 3 357 1 366
1881 1.8845742356196078 0.14473894912871316 3.9493851388344954 231 189 146 2.1596560492723493 3 361 2 354 1 369
1882 2.520548534309285 0.94012573278836098 3.2423693988450002 10 8 8 2.4974068923713824 3 366 2 359 1 375
1883 2.9763381589925859 -2.3702694806736915 3.4722374887261918 75 61 46 0.10738593727231545 3 10 2 9 1 76
1884 2.9918936737795137 -1.9871298587392856 3.5837846658084245 64 54 45 0.37260216941582797 3 22 2 18 1 29
1885 2.9644921224731218 -1.8555686659832913 3.6157392647690014 35 23 15 0.34096036336526536 3 29 2 27 1 91
1886 3.057225137518897 -1.5440278650691754 3.5949630173454534 62 50 42 0.24633732255963783 4 35 2 40 1 56
1887 3.3090476675399958 -2.0032431460208784 3.6225573174349739 8 1 0 0.038510423461867151 3 28 2 79 1 192
1888 3.3374694610623932 -1.7001719408993732 3.6577120292735423 56 41 25 0.28637431511402256 3 89 2 87 1 95
1890 2.6386713787775169 -1.6282454049323225 3.4206426293482242 215 155 135 0.46319265525456188 3 84 4 175 2 122 1 143
1891 2.9783627313024503 -1.5621963045743072 3.5629536250091807 35 22 12 0.24167708961874679 4 126 2 130 1 147
1892 2.5089542896448305 -1.1760686902509683 2.7639847306110727 214 170 143 0.15465210452200429 4 130 2 133 1 151
1893 2.2749873953287341 -0.39990180666942449 3.9025886187648453 243 197 159 0.10726493956081395 3 191 2 141 1 69
1894 2.4402890940189472 1.1621911455744016 4.6743999366899471 138 116 99 0.01238386309857469 3 148 2 143
1895 3.3791094436528426 -1.8544901769843747 3.6883353295284276 33 16 7 0.14576005581857654 3 178 2 171 1 199
1896 3.5203165993973915 -1.4945495653430385 3.5054613256491396 255 255 255 1.980644901266962 3 235 2 178 1 306
1897 3.5008001748123809 -1.0329062392896464 3.8301692687609372 43 34 14 0.49950223170234587 3 189 2 183 1 210
1898 2.8204568383505779 -0.67836320818128026 3.6553304168885639 188 140 101 0.2077242436087201 3 190 2 185 1 213
1899 2.4649085965719086 1.0289778764551163 4.6800823680459107 255 255 255 1.4066032422627603 3 200 2 195 1 222
1900 2.8942480392413272 -2.2720806192520078 3.4985768958866483 68 53 40 0.25654836527728014 4 160 2 215 1 244
1901 2.6270968044980911 -1.7145724026069995 3.4350734745748164 218 160 138 0.36238785814229613 3 228 2 225 1 249
1902 2.7538277412127177 1.0980477204824515 2.5404835911337873 24 20 20 0.32333447070426391 3 293 2 237
1903 3.4492789285372463 -2.4523553302760801 3.5732971980837953 29 19 8 0.29985689993428166 3 250 2 245 1 268
1904 3.1240235288943761 -2.2013174181912833 3.5624702039418685 24 18 12 0.74685443167243026 3 222 2 247 1 292
1905 3.5364957294153836 -1.267447590073298 3.5357494924894941 255 255 255 1.3700925328992604 5 187 2 263 1 259
1906 3.0006401644443357 -1.2056840278111205 3.4660924826838295 171 134 96 1.3974088969751712 3 308 2 305 1 336
1907 2.8937024452823561 1.5641827169703033 2.7429570163527406 9 8 6 0.87525333764553503 3 315 2 313 1 341
1908 2.8622522480121222 1.5315618739578589 2.7745023418162722 12 8 7 1.2123272568149523 3 334 2 330 1 348
1910 2.4305396666761734 1.5247207150482112 3.1607482463576511 255 255 255 1.6634463397810357 3 355 2 341 1 350
1911 2.9885983582767142 -0.75371432966788998 3.9088738387395185 80 53 30 3.5042833954719836 3 352 2 347
1912 2.4893954422349562 -0.8814425633726346 3.063707830419736 134 89 62 0.74231090438116665 3 358 2 351 1 368
1913 2.7687577714395952 -0.42291435865103966 2.8758427306005165 255 255 255 1.0834069399763806 3 362 4 356 2 355
1914 2.9312888888474657 1.5438457656185653 2.7371017849251444 7 6 5 1.476928869433848 3 335 11 284 12 293 2 331 1 349
1915 2.4438503199463404 -1.7670751313167345 2.4721288610865018 229 186 160 0.55452549765002201 2 119 1 88
1916 1.637496485416138 1.3008614891677928 3.7212670461421844 0 0 0 1.4511542727247211 2 147 5 150
1917 2.4672026375116047 1.0359102209797058 4.6775040693506371 255 255 255 2.5268976974587889 4 198 1 223 3 111
1918 2.5302294178626941 1.1679496993797951 4.6618166505269496 138 115 98 0.18286159529780815 6 212 1 229
1919 3.6729485945357636 -0.79282973141120583 3.920278016888723 39 25 10 1.8347861953991889 2 266 1 327
1920 2.4576385428624716 -2.3421933575103355 2.8196171074840302 154 122 101 1.5802104807722432 4 55 3 55 6 2 1 73 10 87 11 73 26 56 25 56 23 103 21 114 18 88 17 106 15 116 9 96 12 1 7 102 12 120
1921 2.6220077674030366 -1.9275796173712734 3.3734642326897064 84 55 37 0.68659813621812416 3 72 8 107 2 116 1 85 17 51 16 91 15 91 13 163 12 178 11 119 10 199 9 188 8 201 7 207 6 226 5 219 4 220 3 223 2 219 1 187
